/*
SQLyog Enterprise v12.5.1 (64 bit)
MySQL - 10.4.11-MariaDB : Database - sig-covid
*********************************************************************
*/

/*!40101 SET NAMES utf8 */;

/*!40101 SET SQL_MODE=''*/;

/*!40014 SET @OLD_UNIQUE_CHECKS=@@UNIQUE_CHECKS, UNIQUE_CHECKS=0 */;
/*!40014 SET @OLD_FOREIGN_KEY_CHECKS=@@FOREIGN_KEY_CHECKS, FOREIGN_KEY_CHECKS=0 */;
/*!40101 SET @OLD_SQL_MODE=@@SQL_MODE, SQL_MODE='NO_AUTO_VALUE_ON_ZERO' */;
/*!40111 SET @OLD_SQL_NOTES=@@SQL_NOTES, SQL_NOTES=0 */;
CREATE DATABASE /*!32312 IF NOT EXISTS*/`sig-covid` /*!40100 DEFAULT CHARACTER SET utf8mb4 */;

USE `sig-covid`;

/*Table structure for table `tb_kabupaten` */

DROP TABLE IF EXISTS `tb_kabupaten`;

CREATE TABLE `tb_kabupaten` (
  `id` int(11) NOT NULL AUTO_INCREMENT,
  `kabupaten` varchar(100) DEFAULT NULL,
  PRIMARY KEY (`id`)
) ENGINE=InnoDB AUTO_INCREMENT=10 DEFAULT CHARSET=utf8mb4;

/*Data for the table `tb_kabupaten` */

insert  into `tb_kabupaten`(`id`,`kabupaten`) values 
(1,'Badung'),
(2,'Bangli'),
(3,'Buleleng'),
(4,'Denpasar'),
(5,'Gianyar'),
(6,'Jembrana'),
(7,'Karangasem'),
(8,'Klungkung'),
(9,'Tabanan');

/*Table structure for table `tb_kecamatan` */

DROP TABLE IF EXISTS `tb_kecamatan`;

CREATE TABLE `tb_kecamatan` (
  `id` int(11) NOT NULL AUTO_INCREMENT,
  `id_kabupaten` int(11) DEFAULT NULL,
  `kecamatan` varchar(255) DEFAULT NULL,
  PRIMARY KEY (`id`),
  KEY `id_kabupaten` (`id_kabupaten`)
) ENGINE=InnoDB AUTO_INCREMENT=60 DEFAULT CHARSET=utf8mb4;

/*Data for the table `tb_kecamatan` */

insert  into `tb_kecamatan`(`id`,`id_kabupaten`,`kecamatan`) values 
(1,1,'Abiansemal'),
(2,1,'Kuta'),
(3,1,'Kuta Selatan'),
(4,1,'Kuta Utara'),
(5,1,'Mengwi'),
(6,1,'Petang'),
(7,2,'Bangli'),
(8,2,'Kintamani'),
(9,2,'Susut'),
(10,2,'Tembuku'),
(11,3,'Banjar'),
(12,3,'Buleleng'),
(13,3,'Busungbiu'),
(14,3,'Gerokgak'),
(15,3,'Kubutambahan'),
(16,3,'Sawan'),
(17,3,'Seririt'),
(18,3,'Sukasada'),
(19,3,'Tejakula'),
(20,4,'Denpasar Barat'),
(21,4,'Denpasar Selatan'),
(22,4,'Denpasar Timur'),
(23,4,'Denpasar Utara'),
(24,5,'Blahbatuh'),
(25,5,'Gianyar'),
(26,5,'Payangan'),
(27,5,'Sukawati'),
(28,5,'Tampaksiring'),
(29,5,'Tegallalang'),
(30,5,'Ubud'),
(31,6,'Jembrana'),
(32,6,'Melaya'),
(33,6,'Menddoyo'),
(34,6,'Mendoyo'),
(35,6,'Negara'),
(36,6,'Pekutatan'),
(37,7,'Abang'),
(38,7,'Bebandem'),
(39,7,'Karangasem'),
(40,7,'Kubu'),
(41,7,'Manggis'),
(42,7,'Rendang'),
(43,7,'Selat'),
(44,7,'Sidemen'),
(45,8,'Banjarangkan'),
(46,8,'Banjarankan'),
(47,8,'Dawan'),
(48,8,'Klungkung'),
(49,8,'Nusapenida'),
(50,9,'Baturiti'),
(51,9,'Kediri'),
(52,9,'Kerambitan'),
(53,9,'Marga'),
(54,9,'Penebel'),
(55,9,'Pupuan'),
(56,9,'Selemadeg'),
(57,9,'Selemadeg Barat'),
(58,9,'Selemadeg Timur'),
(59,9,'Tabanan');

/*Table structure for table `tb_kelurahan` */

DROP TABLE IF EXISTS `tb_kelurahan`;

CREATE TABLE `tb_kelurahan` (
  `id` int(11) NOT NULL AUTO_INCREMENT,
  `id_kecamatan` int(11) DEFAULT NULL,
  `kelurahan` varchar(255) DEFAULT NULL,
  PRIMARY KEY (`id`),
  KEY `id_kecamatan` (`id_kecamatan`)
) ENGINE=InnoDB AUTO_INCREMENT=2135 DEFAULT CHARSET=utf8mb4;

/*Data for the table `tb_kelurahan` */

insert  into `tb_kelurahan`(`id`,`id_kecamatan`,`kelurahan`) values 
(1,1,'Abiansemal'),
(2,1,'Angantaka'),
(3,1,'Ayunan'),
(4,1,'Blahkiuh'),
(5,1,'Bongkasa'),
(6,1,'Bongkasa Pertiwi'),
(7,1,'Darmasaba'),
(8,1,'Dauh Yeh Cani'),
(9,1,'Jagapati'),
(10,1,'Mambal'),
(11,1,'Mekar Bhuwana'),
(12,1,'Punggul'),
(13,1,'Sangeh'),
(14,1,'Sedang'),
(15,1,'Selat'),
(16,1,'Sibang Gede'),
(17,1,'Sibang Kaja'),
(18,1,'Taman'),
(19,2,'Kedonganan'),
(20,2,'Kuta'),
(21,2,'Legian'),
(22,2,'Seminyak'),
(23,2,'Tuban'),
(24,3,'Benoa'),
(25,3,'Jimbaran'),
(26,3,'Kutuh'),
(27,3,'Pecatu'),
(28,3,'Tanjung Benoa'),
(29,3,'Ungasan'),
(30,4,'Canggu'),
(31,4,'Dalung'),
(32,4,'Kerobokan'),
(33,4,'Kerobokan Kaja'),
(34,4,'Kerobokan Kelod'),
(35,4,'Tibubeneng'),
(36,5,'Abianbase'),
(37,5,'Baha'),
(38,5,'Buduk'),
(39,5,'Cemagi'),
(40,5,'Gulingan'),
(41,5,'Kapal'),
(42,5,'Kekeran'),
(43,5,'Kuwum'),
(44,5,'Lukluk'),
(45,5,'Mengwi'),
(46,5,'Mengwitani'),
(47,5,'Munggu'),
(48,5,'Penarungan'),
(49,5,'Pererenan'),
(50,5,'Sading'),
(51,5,'Sembung'),
(52,5,'Sempidi'),
(53,5,'Sobangan'),
(54,5,'Tumbak Bayuh'),
(55,5,'Werdi Bhuwana'),
(56,6,'Belok'),
(57,6,'Carangsari'),
(58,6,'Getasan'),
(59,6,'Pangsan'),
(60,6,'Pelaga'),
(61,6,'Petang'),
(62,6,'Sulangai'),
(63,7,'Bebalang'),
(64,7,'Bunutin'),
(65,7,'Cempaga'),
(66,7,'Kawan'),
(67,7,'Kayubihi'),
(68,7,'Kubu'),
(69,7,'Landih'),
(70,7,'Pengotan'),
(71,7,'Taman Bali'),
(72,8,'Abang Batu Dinding'),
(73,8,'Abang Songan'),
(74,8,'Abuan'),
(75,8,'Awan'),
(76,8,'Bantang'),
(77,8,'Banua'),
(78,8,'Batukaang'),
(79,8,'Batur Selatan'),
(80,8,'Batur Tengah'),
(81,8,'Batur Utara'),
(82,8,'Bayungcerik'),
(83,8,'Bayunggede'),
(84,8,'Belancan'),
(85,8,'Belandingan'),
(86,8,'Belanga'),
(87,8,'Belantih'),
(88,8,'Binyan'),
(89,8,'Bonyoh'),
(90,8,'Buahan'),
(91,8,'Bunutin'),
(92,8,'Catur'),
(93,8,'Daup'),
(94,8,'Dausa'),
(95,8,'Gunungbau'),
(96,8,'Katung'),
(97,8,'Kedisan'),
(98,8,'Kintamani'),
(99,8,'Kutuh'),
(100,8,'Langgahan'),
(101,8,'Lembean'),
(102,8,'Mangguh'),
(103,8,'Manikliyu'),
(104,8,'Mengani'),
(105,8,'Pengejaran'),
(106,8,'Pinggan'),
(107,8,'Satra'),
(108,8,'Sekaan'),
(109,8,'Sekardadi'),
(110,8,'Selulung'),
(111,8,'Serahi'),
(112,8,'Siyakin'),
(113,8,'Songan A'),
(114,8,'Songan B'),
(115,8,'Subaya'),
(116,8,'Sukawana'),
(117,8,'Suter'),
(118,8,'Terunyan'),
(119,8,'Ulian'),
(120,9,'Abuan'),
(121,9,'Apuan'),
(122,9,'Demulih'),
(123,9,'Pengiangan'),
(124,9,'Penglumbaran'),
(125,9,'Selat'),
(126,9,'Sulahan'),
(127,9,'Susut'),
(128,9,'Tiga'),
(129,10,'Bangbang'),
(130,10,'Jehem'),
(131,10,'Peninjoan'),
(132,10,'Tembuku'),
(133,10,'Undisan'),
(134,10,'Yangapi'),
(135,11,'Banjar'),
(136,11,'Banjar Tegeha'),
(137,11,'Banyuatis'),
(138,11,'Banyusri'),
(139,11,'Cempaga'),
(140,11,'Dencarik'),
(141,11,'Gesing'),
(142,11,'Gobleg'),
(143,11,'Kaliasem'),
(144,11,'Kayuputih'),
(145,11,'Munduk'),
(146,11,'Pedawa'),
(147,11,'Sidetapa'),
(148,11,'Tampekan'),
(149,11,'Temukus'),
(150,11,'Tigawasa'),
(151,11,'Tirtasari'),
(152,12,'Alasangker'),
(153,12,'Anturan'),
(154,12,'Astina'),
(155,12,'Baktiseraga'),
(156,12,'Banjar Bali'),
(157,12,'Banjar Jawa'),
(158,12,'Banjar Tegal'),
(159,12,'Banyuasri'),
(160,12,'Banyuning'),
(161,12,'Beratan'),
(162,12,'Jinengdalem'),
(163,12,'Kaliuntu'),
(164,12,'Kampung Anyar'),
(165,12,'Kampung Baru'),
(166,12,'Kampung Bugis'),
(167,12,'Kampung Kajanan'),
(168,12,'Kampung Singaraja'),
(169,12,'Kendran'),
(170,12,'Liligundi'),
(171,12,'Nagasepaha'),
(172,12,'Paket Agung'),
(173,12,'Pemaron'),
(174,12,'Penarukan'),
(175,12,'Penglatan'),
(176,12,'Petandakan'),
(177,12,'Poh Bergong'),
(178,12,'Sari Mekar'),
(179,12,'Tukadmungga'),
(180,13,'Bengkel'),
(181,13,'Bongancina'),
(182,13,'Busungbiu'),
(183,13,'Kedis'),
(184,13,'Kekeran'),
(185,13,'Pelapuan'),
(186,13,'Pucaksari'),
(187,13,'Sepang'),
(188,13,'Sepang Kelod'),
(189,13,'Subuk'),
(190,13,'Telaga'),
(191,13,'Tinggarsari'),
(192,13,'Tista'),
(193,13,'Titab'),
(194,13,'Umejero'),
(195,14,'Banyupoh'),
(196,14,'Celukan Bawang'),
(197,14,'Gerokgak'),
(198,14,'Musi'),
(199,14,'Patas'),
(200,14,'Pejarakan'),
(201,14,'Pemuteran'),
(202,14,'Pengulon'),
(203,14,'Penyabangan'),
(204,14,'Sanggalangit'),
(205,14,'Sumber Klampok'),
(206,14,'Sumberkima'),
(207,14,'Tinga Tinga'),
(208,14,'Tukad Sumaga'),
(209,15,'Bengkala'),
(210,15,'Bila'),
(211,15,'Bontihing'),
(212,15,'Bukti'),
(213,15,'Bulian'),
(214,15,'Depeha'),
(215,15,'Kubutambahan'),
(216,15,'Mengening'),
(217,15,'Pakisan'),
(218,15,'Tajun'),
(219,15,'Tambakan'),
(220,15,'Tamblang'),
(221,15,'Tunjung'),
(222,16,'Bebetin'),
(223,16,'Bungkulan'),
(224,16,'Galungan'),
(225,16,'Giri Emas'),
(226,16,'Jagaraga'),
(227,16,'Kerobokan'),
(228,16,'Lemukih'),
(229,16,'Menyali'),
(230,16,'Sangsit'),
(231,16,'Sawan'),
(232,16,'Sekumpul'),
(233,16,'Sinabun'),
(234,16,'Sudaji'),
(235,16,'Suwug'),
(236,17,'Banjar Asem'),
(237,17,'Bestala'),
(238,17,'Bubunan'),
(239,17,'Gunungsari'),
(240,17,'Joanyar'),
(241,17,'Kalianget'),
(242,17,'Kalisada'),
(243,17,'Lokapaksa'),
(244,17,'Mayong'),
(245,17,'Munduk Bestala'),
(246,17,'Pangkungparuk'),
(247,17,'Patemon'),
(248,17,'Pengastulan'),
(249,17,'Rangdu'),
(250,17,'Ringdikit'),
(251,17,'Seririt'),
(252,17,'Sulanyah'),
(253,17,'Tangguwisia'),
(254,17,'Ularan'),
(255,17,'Umeanyar'),
(256,17,'Unggahan'),
(257,18,'Ambengan'),
(258,18,'Gitgit'),
(259,18,'Kayuputih'),
(260,18,'Padangbulia'),
(261,18,'Pancasari'),
(262,18,'Panji'),
(263,18,'Panji Anom'),
(264,18,'Pegadungan'),
(265,18,'Pegayaman'),
(266,18,'Sambangan'),
(267,18,'Selat'),
(268,18,'Silangjana'),
(269,18,'Sukasada'),
(270,18,'Tegal Linggah'),
(271,18,'Wanagiri'),
(272,19,'Bondalem'),
(273,19,'Julah'),
(274,19,'Les'),
(275,19,'Madenan'),
(276,19,'Pacung'),
(277,19,'Penuktukan'),
(278,19,'Sambirenteng'),
(279,19,'Sembiran'),
(280,19,'Tejakula'),
(281,19,'Tembok'),
(282,20,'Dauh Puri'),
(283,20,'Dauh Puri Kangin'),
(284,20,'Dauh Puri Kauh'),
(285,20,'Dauh Puri Klod'),
(286,20,'Padangsambian'),
(287,20,'Padangsambian Kaja'),
(288,20,'Padangsambian Klod'),
(289,20,'Pemecutan'),
(290,20,'Pemecutan Klod'),
(291,20,'Tegal Harum'),
(292,20,'Tegal Kertha'),
(293,21,'Panjer'),
(294,21,'Pedungan'),
(295,21,'Pemogan'),
(296,21,'Renon'),
(297,21,'Sanur'),
(298,21,'Sanur Kaja'),
(299,21,'Sanur Kauh'),
(300,21,'Serangan'),
(301,21,'Sesetan'),
(302,21,'Sidakarya'),
(303,22,'Dangin Puri'),
(304,22,'Dangin Puri Klod'),
(305,22,'Kesiman'),
(306,22,'Kesiman Kertalangu'),
(307,22,'Kesiman Petilan'),
(308,22,'Penatih'),
(309,22,'Penatih Dangin Puri'),
(310,22,'Sumerta'),
(311,22,'Sumerta Kaja'),
(312,22,'Sumerta Kauh'),
(313,22,'Sumerta Kelod'),
(314,23,'Dangin Puri Kaja'),
(315,23,'Dangin Puri Kangin'),
(316,23,'Dangin Puri Kauh'),
(317,23,'Dauh Puri Kaja'),
(318,23,'Peguyangan'),
(319,23,'Peguyangan Kaja'),
(320,23,'Peguyangan Kangin'),
(321,23,'Pemecutan Kaja'),
(322,23,'Tonja'),
(323,23,'Ubung'),
(324,23,'Ubung Kaja'),
(325,24,'Bedulu'),
(326,24,'Belega'),
(327,24,'Blahbatuh'),
(328,24,'Bona'),
(329,24,'Buruan'),
(330,24,'Keramas'),
(331,24,'Medahan'),
(332,24,'Pering'),
(333,24,'Saba'),
(334,25,'Abianbase'),
(335,25,'Bakbakan'),
(336,25,'Beng'),
(337,25,'Bitera'),
(338,25,'Gianyar'),
(339,25,'Lebih'),
(340,25,'Petak'),
(341,25,'Petak Kaja'),
(342,25,'Samplangan'),
(343,25,'Serongga'),
(344,25,'Siangan'),
(345,25,'Sidan'),
(346,25,'Sumita'),
(347,25,'Suwat'),
(348,25,'Tegal Tugu'),
(349,25,'Temesi'),
(350,25,'Tulikup'),
(351,26,'Beresela'),
(352,26,'Buahan'),
(353,26,'Buahan Kaja'),
(354,26,'Bukian'),
(355,26,'Kelusa'),
(356,26,'Kerta'),
(357,26,'Melinggih'),
(358,26,'Melinggih Kelod'),
(359,26,'Puhu'),
(360,27,'Batuan'),
(361,27,'Batuan Kaler'),
(362,27,'Batubulan'),
(363,27,'Batubulan Kangin'),
(364,27,'Celuk'),
(365,27,'Guwang'),
(366,27,'Kemenuh'),
(367,27,'Ketewel'),
(368,27,'Singapadu'),
(369,27,'Singapadu Kaler'),
(370,27,'Singapadu Tengah'),
(371,27,'Sukawati'),
(372,28,'Manukaya'),
(373,28,'Pejeng'),
(374,28,'Pejeng Kaja'),
(375,28,'Pejeng Kangin'),
(376,28,'Pejeng Kawan'),
(377,28,'Pejeng Kelod'),
(378,28,'Sanding'),
(379,28,'Tampaksiring'),
(380,29,'Kedisan'),
(381,29,'Keliki'),
(382,29,'Kenderan'),
(383,29,'Pupuan'),
(384,29,'Sebatu'),
(385,29,'Taro'),
(386,29,'Tegallalang'),
(387,30,'Kedewatan'),
(388,30,'Lodtunduh'),
(389,30,'Mas'),
(390,30,'Peliatan'),
(391,30,'Petulu'),
(392,30,'Sayan'),
(393,30,'Singekerta'),
(394,30,'Ubud'),
(395,31,'Air Kuning'),
(396,31,'Batuagung'),
(397,31,'Budeng'),
(398,31,'Dangin Tukadaya'),
(399,31,'Dauhwaru'),
(400,31,'Loloan Timur'),
(401,31,'Pendem'),
(402,31,'Perancak'),
(403,31,'Sangkaragung'),
(404,31,'Yeh Kuning'),
(405,32,'Blimbingsari'),
(406,32,'Candikusuma'),
(407,32,'Ekasari'),
(408,32,'Gilimanuk'),
(409,32,'Manistutu'),
(410,32,'Melaya'),
(411,32,'Nusa Sari'),
(412,32,'Tukadaya'),
(413,32,'Tuwed'),
(414,32,'Warnasari'),
(415,33,'Yeh Embang Kauh'),
(416,34,'Delod Berawah'),
(417,34,'Mendoyo Dangin Tukad'),
(418,34,'Mendoyo Dauh Tukad'),
(419,34,'Penyaringan'),
(420,34,'Pergung'),
(421,34,'Pohsanten'),
(422,34,'Tegal Cangkring'),
(423,34,'Yeh Embang'),
(424,34,'Yeh Embang Kangin'),
(425,34,'Yeh Sumbul'),
(426,35,'Baler Bale Agung'),
(427,35,'Baluk'),
(428,35,'Banjar Tengah'),
(429,35,'Banyubiru'),
(430,35,'Berangbang'),
(431,35,'Cupel'),
(432,35,'Kaliakah'),
(433,35,'Lelateng'),
(434,35,'Loloan Barat'),
(435,35,'Pengambengan'),
(436,35,'Tegal Badeng Barat'),
(437,35,'Tegal Badeng Timur'),
(438,36,'Asahduren'),
(439,36,'Gumbrih'),
(440,36,'Manggissari'),
(441,36,'Medewi'),
(442,36,'Pangyangan'),
(443,36,'Pekutatan'),
(444,36,'Pengeragoan'),
(445,36,'Pulukan'),
(446,37,'Ababi'),
(447,37,'Abang'),
(448,37,'Bunutan'),
(449,37,'Culik'),
(450,37,'Datah'),
(451,37,'Kerta Mandala'),
(452,37,'Kesimpar'),
(453,37,'Laba Sari'),
(454,37,'Nawakerti'),
(455,37,'Pidpid'),
(456,37,'Purwakerti'),
(457,37,'Tista'),
(458,37,'Tiyingtali'),
(459,37,'Tri Buana'),
(460,38,'Bebandem'),
(461,38,'Bhuana Giri'),
(462,38,'Budakeling'),
(463,38,'Bungaya'),
(464,38,'Bungaya Kangin'),
(465,38,'Jungutan'),
(466,38,'Macang'),
(467,38,'Sibetan'),
(468,39,'Bugbug'),
(469,39,'Bukit'),
(470,39,'Karangasem'),
(471,39,'Padang Kerta'),
(472,39,'Pertima'),
(473,39,'Seraya'),
(474,39,'Seraya Barat'),
(475,39,'Seraya Timur'),
(476,39,'Subagan'),
(477,39,'Tegallinggah'),
(478,39,'Tumbu'),
(479,40,'Ban'),
(480,40,'Baturinggit'),
(481,40,'Dukuh'),
(482,40,'Kubu'),
(483,40,'Sukadana'),
(484,40,'Tianyar'),
(485,40,'Tianyar Barat'),
(486,40,'Tianyar Tengah'),
(487,40,'Tulamben'),
(488,41,'Antiga'),
(489,41,'Antiga Kelod'),
(490,41,'Gegelang'),
(491,41,'Manggis'),
(492,41,'Ngis'),
(493,41,'Nyuh Tebel'),
(494,41,'Padangbai'),
(495,41,'Pesedahan'),
(496,41,'Selumbung'),
(497,41,'Sengkidu'),
(498,41,'Tenganan'),
(499,41,'Ulakan'),
(500,42,'Besakih'),
(501,42,'Menanga'),
(502,42,'Nongan'),
(503,42,'Pempatan'),
(504,42,'Pesaban'),
(505,42,'Rendang'),
(506,43,'Amerta Bhuana'),
(507,43,'Duda'),
(508,43,'Duda Timur'),
(509,43,'Duda Utara'),
(510,43,'Muncan'),
(511,43,'Pering Sari'),
(512,43,'Sebudi'),
(513,43,'Selat'),
(514,44,'Kertha Buana'),
(515,44,'Loka Sari'),
(516,44,'Sangkan Gunung'),
(517,44,'Sidemen'),
(518,44,'Sindu Wati'),
(519,44,'Talibeng'),
(520,44,'Tangkup'),
(521,44,'Telaga Tawang'),
(522,44,'Tri Eka Buana'),
(523,44,'Wisma Kerta'),
(524,45,'Bakas'),
(525,45,'Banjarangkan'),
(526,45,'Getakan'),
(527,45,'Negari'),
(528,45,'Nyalian'),
(529,45,'Takmung'),
(530,45,'Tihingan'),
(531,45,'Tusan'),
(532,46,'Aan'),
(533,46,'Bungbungan'),
(534,46,'Nyanglan'),
(535,46,'Timuhun'),
(536,46,'Tohpati'),
(537,47,'Besan'),
(538,47,'Dawan Kaler'),
(539,47,'Dawan Klod'),
(540,47,'Gunaksa'),
(541,47,'Kampung Kusamba'),
(542,47,'Kusamba'),
(543,47,'Paksebali'),
(544,47,'Pesinggahan'),
(545,47,'Pikat'),
(546,47,'Sampalan Klod'),
(547,47,'Sampalan Tengah'),
(548,47,'Sulang'),
(549,48,'Akah'),
(550,48,'Gelgel'),
(551,48,'Jumpai'),
(552,48,'Kamasan'),
(553,48,'Kampung Gelgel'),
(554,48,'Manduang'),
(555,48,'Satra'),
(556,48,'Selat'),
(557,48,'Selisihan'),
(558,48,'Semarapura Kaja'),
(559,48,'Semarapura Kangin'),
(560,48,'Semarapura Kauh'),
(561,48,'Semarapura Kelod'),
(562,48,'Semarapura Kelod Kangin'),
(563,48,'Semarapura Tengah'),
(564,48,'Tangkas'),
(565,48,'Tegak'),
(566,48,'Tojan'),
(567,49,'Batukandik'),
(568,49,'Batumadeg'),
(569,49,'Batununggul'),
(570,49,'Bunga Mekar'),
(571,49,'Jungutbatu'),
(572,49,'Kampung Toyapakeh'),
(573,49,'Klumpu'),
(574,49,'Kutampi'),
(575,49,'Kutampi Kaler'),
(576,49,'Lembongan'),
(577,49,'Ped'),
(578,49,'Pejukutan'),
(579,49,'Sakti'),
(580,49,'Sekartaji'),
(581,49,'Suana'),
(582,49,'Tanglad'),
(583,50,'Angseri'),
(584,50,'Antapan'),
(585,50,'Apuan'),
(586,50,'Bangli'),
(587,50,'Batunya'),
(588,50,'Baturiti'),
(589,50,'Candikuning'),
(590,50,'Luwus'),
(591,50,'Mekarsari'),
(592,50,'Perean'),
(593,50,'Perean Kangin'),
(594,50,'Perean Tengah'),
(595,51,'Abian Tuwung'),
(596,51,'Banjar Anyar'),
(597,51,'Belalang'),
(598,51,'Bengkel'),
(599,51,'Beraban'),
(600,51,'Cepaka'),
(601,51,'Kaba-kaba'),
(602,51,'Kediri'),
(603,51,'Nyambu'),
(604,51,'Nyitdah'),
(605,51,'Pandak Bandung'),
(606,51,'Pandak Gede'),
(607,51,'Pangkung Tibah'),
(608,51,'Pejaten'),
(609,52,'Batuaji'),
(610,52,'Baturiti'),
(611,52,'Belumbang'),
(612,52,'Kelating'),
(613,52,'Kerambitan'),
(614,52,'Kesiut'),
(615,52,'Kukuh'),
(616,52,'Meliling'),
(617,52,'Pangkung Karung'),
(618,52,'Penarukan'),
(619,52,'Samsam'),
(620,52,'Sembung Gede'),
(621,52,'Tibubiyu'),
(622,52,'Timpag'),
(623,52,'Tista'),
(624,53,'Batannyuh'),
(625,53,'Beringkit'),
(626,53,'Caubelayu'),
(627,53,'Dajan Puri'),
(628,53,'Dauh Puri'),
(629,53,'Geluntung'),
(630,53,'Kukuh'),
(631,53,'Kuwum'),
(632,53,'Marga'),
(633,53,'Payangan'),
(634,53,'Peken Belayu'),
(635,53,'Petiga'),
(636,53,'Selanbawak'),
(637,53,'Tegaljadi'),
(638,53,'Tua'),
(639,54,'Babahan'),
(640,54,'Biaung'),
(641,54,'Buruan'),
(642,54,'Jatiluwih'),
(643,54,'Jegu'),
(644,54,'Mengeste'),
(645,54,'Penatahan'),
(646,54,'Penebel'),
(647,54,'Pesagi'),
(648,54,'Pitra'),
(649,54,'Rejasa'),
(650,54,'Riang Gede'),
(651,54,'Sangketan'),
(652,54,'Senganan'),
(653,54,'Tajen'),
(654,54,'Tegalinggah'),
(655,54,'Tengkudak'),
(656,54,'Wongaya Gede'),
(657,55,'Bantiran'),
(658,55,'Batungsel'),
(659,55,'Belatungan'),
(660,55,'Belimbing'),
(661,55,'Jelijih Punggang'),
(662,55,'Karya Sari'),
(663,55,'Kebon Padangan'),
(664,55,'Munduk Temu'),
(665,55,'Padangan'),
(666,55,'Pajahan'),
(667,55,'Pujungan'),
(668,55,'Pupuan'),
(669,55,'Sanda'),
(670,56,'Antap'),
(671,56,'Bajera'),
(672,56,'Bajera Utara'),
(673,56,'Berembeng'),
(674,56,'Manikyang'),
(675,56,'Pupuan Sawah'),
(676,56,'Selemadeg'),
(677,56,'Serampingan'),
(678,56,'Wanagiri'),
(679,56,'Wanagiri Kauh'),
(680,57,'Angkah'),
(681,57,'Antosari'),
(682,57,'Bengkel Sari'),
(683,57,'Lalang Linggah'),
(684,57,'Lumbung'),
(685,57,'Lumbung Kauh'),
(686,57,'Mundeh'),
(687,57,'Mundeh Kangin'),
(688,57,'Mundeh Kauh'),
(689,57,'Selabih'),
(690,57,'Tiying Gading'),
(691,58,'Bantas'),
(692,58,'Beraban'),
(693,58,'Dalang'),
(694,58,'Gadung Sari'),
(695,58,'Gadungan'),
(696,58,'Gunung Salak'),
(697,58,'Mambang'),
(698,58,'Megati'),
(699,58,'Tangguntiti'),
(700,58,'Tegal Mengkeb'),
(701,59,'Bongan'),
(702,59,'Buahan'),
(703,59,'Dajan Peken'),
(704,59,'Dauh Peken'),
(705,59,'Delod Peken'),
(706,59,'Denbantas'),
(707,59,'Gubug'),
(708,59,'Sesandan'),
(709,59,'Subamia'),
(710,59,'Sudimara'),
(711,59,'Tunjuk'),
(712,59,'Wanasari');

/*Table structure for table `tb_laporan` */

DROP TABLE IF EXISTS `tb_laporan`;

CREATE TABLE `tb_laporan` (
  `id` bigint(20) NOT NULL AUTO_INCREMENT,
  `id_kelurahan` int(11) DEFAULT NULL,
  `level` int(11) DEFAULT NULL,
  `ppln` int(11) DEFAULT NULL,
  `ppdn` int(11) DEFAULT NULL,
  `tl` int(11) DEFAULT NULL,
  `lainnya` int(11) DEFAULT NULL,
  `perawatan` int(11) DEFAULT NULL,
  `sembuh` int(11) DEFAULT NULL,
  `meninggal` int(11) DEFAULT NULL,
  `total` int(11) DEFAULT NULL,
  `tanggal` date DEFAULT NULL,
  `created_at` timestamp NOT NULL DEFAULT current_timestamp(),
  `updated_at` timestamp NOT NULL DEFAULT '0000-00-00 00:00:00' ON UPDATE current_timestamp(),
  `status` int(11) DEFAULT 0,
  PRIMARY KEY (`id`),
  KEY `id_kelurahan` (`id_kelurahan`)
) ENGINE=InnoDB AUTO_INCREMENT=7121 DEFAULT CHARSET=utf8mb4;

/*Data for the table `tb_laporan` */

insert  into `tb_laporan`(`id`,`id_kelurahan`,`level`,`ppln`,`ppdn`,`tl`,`lainnya`,`perawatan`,`sembuh`,`meninggal`,`total`,`tanggal`,`created_at`,`updated_at`,`status`) values 
(1,1,0,0,0,0,0,0,0,0,0,'2020-06-17','2020-06-15 22:52:03','2020-06-17 10:21:44',1),
(2,2,0,0,0,0,0,0,0,0,0,'2020-06-17','2020-06-15 22:52:03','2020-06-17 10:15:19',0),
(3,3,4,0,0,9,0,8,1,0,9,'2020-06-17','2020-06-15 22:52:03','2020-06-17 10:15:19',0),
(4,4,0,0,0,0,0,0,0,0,0,'2020-06-17','2020-06-15 22:52:03','2020-06-17 10:15:19',0),
(5,5,0,0,0,0,0,0,0,0,0,'2020-06-17','2020-06-15 22:52:03','2020-06-17 10:15:19',0),
(6,6,0,0,0,0,0,0,0,0,0,'2020-06-17','2020-06-15 22:52:03','2020-06-17 10:15:19',0),
(7,7,0,0,0,0,0,0,0,0,0,'2020-06-17','2020-06-15 22:52:03','2020-06-17 00:13:44',0),
(8,8,0,0,0,0,0,0,0,0,0,'2020-06-17','2020-06-15 22:52:03','2020-06-17 10:15:19',0),
(9,9,4,0,0,6,0,5,0,1,6,'2020-06-17','2020-06-15 22:52:03','2020-06-17 10:15:19',0),
(10,10,0,0,0,0,0,0,0,0,0,'2020-06-17','2020-06-15 22:52:03','2020-06-17 10:15:19',0),
(11,11,0,0,0,0,0,0,0,0,0,'2020-06-17','2020-06-15 22:52:03','2020-06-17 10:15:19',0),
(12,12,0,0,0,0,0,0,0,0,0,'2020-06-17','2020-06-15 22:52:03','2020-06-17 10:15:19',0),
(13,13,1,1,0,0,0,0,1,0,1,'2020-06-17','2020-06-15 22:52:03','2020-06-17 10:15:19',0),
(14,14,0,0,0,0,0,0,0,0,0,'2020-06-17','2020-06-15 22:52:03','2020-06-17 10:15:19',0),
(15,15,0,0,0,0,0,0,0,0,0,'2020-06-17','2020-06-15 22:52:03','2020-06-17 10:15:19',0),
(16,16,4,1,0,1,0,1,1,0,2,'2020-06-17','2020-06-15 22:52:03','2020-06-17 10:15:19',0),
(17,17,0,0,0,0,0,0,0,0,0,'2020-06-17','2020-06-15 22:52:03','2020-06-17 10:15:19',0),
(18,18,0,0,0,0,0,0,0,0,0,'2020-06-17','2020-06-15 22:52:03','2020-06-17 10:15:19',0),
(19,19,0,1,1,1,1,1,1,1,3,'2020-06-17','2020-06-15 22:52:03','2020-06-17 10:15:19',0),
(20,20,0,0,0,0,0,0,0,0,0,'2020-06-17','2020-06-15 22:52:03','2020-06-17 10:15:19',0),
(21,21,4,0,0,1,0,1,0,0,1,'2020-06-17','2020-06-15 22:52:03','2020-06-17 10:15:19',0),
(22,22,4,0,0,1,0,1,0,0,1,'2020-06-17','2020-06-15 22:52:03','2020-06-17 10:15:19',0),
(23,23,4,0,0,1,0,1,0,0,1,'2020-06-17','2020-06-15 22:52:03','2020-06-17 10:15:19',0),
(24,24,3,3,0,0,0,1,2,0,3,'2020-06-17','2020-06-15 22:52:03','2020-06-17 10:15:19',0),
(25,25,4,3,1,13,0,5,12,0,17,'2020-06-17','2020-06-15 22:52:03','2020-06-17 10:15:19',0),
(26,26,0,0,0,0,0,0,0,0,0,'2020-06-17','2020-06-15 22:52:03','2020-06-17 10:15:19',0),
(27,27,0,0,0,0,0,0,0,0,0,'2020-06-17','2020-06-15 22:52:03','2020-06-17 10:15:19',0),
(28,28,0,0,0,0,0,0,0,0,0,'2020-06-17','2020-06-15 22:52:03','2020-06-17 10:15:19',0),
(29,29,4,1,1,1,0,1,2,0,3,'2020-06-17','2020-06-15 22:52:03','2020-06-17 10:15:19',0),
(30,30,4,0,0,4,0,1,3,0,4,'2020-06-17','2020-06-15 22:52:03','2020-06-17 10:15:19',0),
(31,31,4,3,0,5,0,3,5,0,8,'2020-06-17','2020-06-15 22:52:03','2020-06-17 10:15:19',0),
(32,32,0,0,0,0,0,0,0,0,0,'2020-06-17','2020-06-15 22:52:03','2020-06-17 10:15:19',0),
(33,33,4,2,0,2,0,3,1,0,4,'2020-06-17','2020-06-15 22:52:03','2020-06-17 10:15:19',0),
(34,34,4,0,1,1,0,1,1,0,2,'2020-06-17','2020-06-15 22:52:03','2020-06-17 10:15:19',0),
(35,35,4,2,0,1,0,1,2,0,3,'2020-06-17','2020-06-15 22:52:03','2020-06-17 10:15:19',0),
(36,36,1,2,0,1,0,0,3,0,3,'2020-06-17','2020-06-15 22:52:03','2020-06-17 10:15:19',0),
(37,37,4,0,0,1,0,1,0,0,1,'2020-06-17','2020-06-15 22:52:03','2020-06-17 10:15:19',0),
(38,38,1,1,0,0,0,0,1,0,1,'2020-06-17','2020-06-15 22:52:03','2020-06-17 10:15:19',0),
(39,39,0,0,0,0,0,0,0,0,0,'2020-06-17','2020-06-15 22:52:03','2020-06-17 10:15:19',0),
(40,40,0,0,0,0,0,0,0,0,0,'2020-06-17','2020-06-15 22:52:03','2020-06-17 10:15:19',0),
(41,41,0,0,0,0,0,0,0,0,0,'2020-06-17','2020-06-15 22:52:03','2020-06-17 10:15:19',0),
(42,42,0,0,0,0,0,0,0,0,0,'2020-06-17','2020-06-15 22:52:03','2020-06-17 10:15:19',0),
(43,43,0,0,0,0,0,0,0,0,0,'2020-06-17','2020-06-15 22:52:03','2020-06-17 10:15:19',0),
(44,44,2,1,0,0,0,1,0,0,1,'2020-06-17','2020-06-15 22:52:03','2020-06-17 10:15:19',0),
(45,45,4,0,0,1,0,1,0,0,1,'2020-06-17','2020-06-15 22:52:03','2020-06-17 10:15:19',0),
(46,46,0,0,0,0,0,0,0,0,0,'2020-06-17','2020-06-15 22:52:03','2020-06-17 10:15:19',0),
(47,47,0,0,0,0,0,0,0,0,0,'2020-06-17','2020-06-15 22:52:03','2020-06-17 10:15:19',0),
(48,48,0,0,0,0,0,0,0,0,0,'2020-06-17','2020-06-15 22:52:03','2020-06-17 10:15:19',0),
(49,49,1,1,0,0,0,0,1,0,1,'2020-06-17','2020-06-15 22:52:03','2020-06-17 10:15:19',0),
(50,50,4,0,0,1,0,1,0,0,1,'2020-06-17','2020-06-15 22:52:03','2020-06-17 10:15:19',0),
(51,51,0,0,0,0,0,0,0,0,0,'2020-06-17','2020-06-15 22:52:03','2020-06-17 10:15:19',0),
(52,52,0,0,0,0,0,0,0,0,0,'2020-06-17','2020-06-15 22:52:03','2020-06-17 10:15:19',0),
(53,53,1,1,0,0,0,0,1,0,1,'2020-06-17','2020-06-15 22:52:03','2020-06-17 10:15:19',0),
(54,54,0,0,0,0,0,0,0,0,0,'2020-06-17','2020-06-15 22:52:03','2020-06-17 10:15:19',0),
(55,55,1,0,0,17,0,0,16,1,17,'2020-06-17','2020-06-15 22:52:03','2020-06-17 10:15:19',0),
(56,56,0,0,0,0,0,0,0,0,0,'2020-06-17','2020-06-15 22:52:03','2020-06-17 10:15:19',0),
(57,57,1,1,0,0,0,0,1,0,1,'2020-06-17','2020-06-15 22:52:03','2020-06-17 10:15:19',0),
(58,58,0,0,0,0,0,0,0,0,0,'2020-06-17','2020-06-15 22:52:03','2020-06-17 10:15:19',0),
(59,59,0,0,0,0,0,0,0,0,0,'2020-06-17','2020-06-15 22:52:03','2020-06-17 10:15:19',0),
(60,60,0,0,0,0,0,0,0,0,0,'2020-06-17','2020-06-15 22:52:03','2020-06-17 10:15:19',0),
(61,61,0,0,0,0,0,0,0,0,0,'2020-06-17','2020-06-15 22:52:03','2020-06-17 10:15:19',0),
(62,62,1,1,0,0,0,0,1,0,1,'2020-06-17','2020-06-15 22:52:03','2020-06-17 10:15:19',0),
(63,63,1,1,1,0,0,0,2,0,2,'2020-06-17','2020-06-15 22:52:03','2020-06-17 10:15:19',0),
(64,64,0,0,0,0,0,0,0,0,0,'2020-06-17','2020-06-15 22:52:03','2020-06-17 10:15:19',0),
(65,65,4,1,0,6,0,2,5,0,7,'2020-06-17','2020-06-15 22:52:03','2020-06-17 10:15:19',0),
(66,66,1,2,1,1,0,0,4,0,4,'2020-06-17','2020-06-15 22:52:03','2020-06-17 10:15:19',0),
(67,67,0,0,0,0,0,0,0,0,0,'2020-06-17','2020-06-15 22:52:03','2020-06-17 10:15:19',0),
(68,68,3,2,0,0,0,1,1,0,2,'2020-06-17','2020-06-15 22:52:03','2020-06-17 10:15:19',0),
(69,69,0,0,0,0,0,0,0,0,0,'2020-06-17','2020-06-15 22:52:03','2020-06-17 10:15:19',0),
(70,70,0,0,0,0,0,0,0,0,0,'2020-06-17','2020-06-15 22:52:03','2020-06-17 10:15:19',0),
(71,71,4,3,0,16,0,2,17,0,19,'2020-06-17','2020-06-15 22:52:03','2020-06-17 10:15:19',0),
(72,72,0,0,0,0,0,0,0,0,0,'2020-06-17','2020-06-15 22:52:03','2020-06-17 10:15:19',0),
(73,73,0,0,0,0,0,0,0,0,0,'2020-06-17','2020-06-15 22:52:03','2020-06-17 10:15:19',0),
(74,74,0,0,0,0,0,0,0,0,0,'2020-06-17','2020-06-15 22:52:03','2020-06-17 10:15:19',0),
(75,75,0,0,0,0,0,0,0,0,0,'2020-06-17','2020-06-15 22:52:03','2020-06-17 10:15:19',0),
(76,76,0,0,0,0,0,0,0,0,0,'2020-06-17','2020-06-15 22:52:03','2020-06-17 10:15:19',0),
(77,77,0,0,0,0,0,0,0,0,0,'2020-06-17','2020-06-15 22:52:03','2020-06-17 10:15:19',0),
(78,78,1,1,0,0,0,0,1,0,1,'2020-06-17','2020-06-15 22:52:03','2020-06-17 10:15:19',0),
(79,79,2,1,0,0,0,1,0,0,1,'2020-06-17','2020-06-15 22:52:03','2020-06-17 10:15:19',0),
(80,80,1,1,0,0,0,0,1,0,1,'2020-06-17','2020-06-15 22:52:03','2020-06-17 10:15:19',0),
(81,81,0,0,0,0,0,0,0,0,0,'2020-06-17','2020-06-15 22:52:03','2020-06-17 10:15:19',0),
(82,82,0,0,0,0,0,0,0,0,0,'2020-06-17','2020-06-15 22:52:03','2020-06-17 10:15:19',0),
(83,83,0,0,0,0,0,0,0,0,0,'2020-06-17','2020-06-15 22:52:03','2020-06-17 10:15:19',0),
(84,84,0,0,0,0,0,0,0,0,0,'2020-06-17','2020-06-15 22:52:03','2020-06-17 10:15:19',0),
(85,85,0,0,0,0,0,0,0,0,0,'2020-06-17','2020-06-15 22:52:03','2020-06-17 10:15:19',0),
(86,86,1,1,0,1,0,0,2,0,2,'2020-06-17','2020-06-15 22:52:03','2020-06-17 10:15:19',0),
(87,87,0,0,0,0,0,0,0,0,0,'2020-06-17','2020-06-15 22:52:03','2020-06-17 10:15:19',0),
(88,88,0,0,0,0,0,0,0,0,0,'2020-06-17','2020-06-15 22:52:04','2020-06-17 10:15:19',0),
(89,89,0,0,0,0,0,0,0,0,0,'2020-06-17','2020-06-15 22:52:04','2020-06-17 10:15:19',0),
(90,90,0,0,0,0,0,0,0,0,0,'2020-06-17','2020-06-15 22:52:04','2020-06-17 10:15:19',0),
(91,91,1,1,0,0,0,0,1,0,1,'2020-06-17','2020-06-15 22:52:04','2020-06-17 10:15:19',0),
(92,92,1,1,0,0,0,0,1,0,1,'2020-06-17','2020-06-15 22:52:04','2020-06-17 10:15:19',0),
(93,93,0,0,0,0,0,0,0,0,0,'2020-06-17','2020-06-15 22:52:04','2020-06-17 10:15:19',0),
(94,94,0,0,0,0,0,0,0,0,0,'2020-06-17','2020-06-15 22:52:04','2020-06-17 10:15:19',0),
(95,95,0,0,0,0,0,0,0,0,0,'2020-06-17','2020-06-15 22:52:04','2020-06-17 10:15:19',0),
(96,96,0,0,0,0,0,0,0,0,0,'2020-06-17','2020-06-15 22:52:04','2020-06-17 10:15:19',0),
(97,97,0,0,0,0,0,0,0,0,0,'2020-06-17','2020-06-15 22:52:04','2020-06-17 10:15:19',0),
(98,98,0,0,0,0,0,0,0,0,0,'2020-06-17','2020-06-15 22:52:04','2020-06-17 10:15:19',0),
(99,99,0,0,0,0,0,0,0,0,0,'2020-06-17','2020-06-15 22:52:04','2020-06-17 10:15:19',0),
(100,100,0,0,0,0,0,0,0,0,0,'2020-06-17','2020-06-15 22:52:04','2020-06-17 10:15:19',0),
(101,101,0,0,0,0,0,0,0,0,0,'2020-06-17','2020-06-15 22:52:04','2020-06-17 10:15:19',0),
(102,102,0,0,0,0,0,0,0,0,0,'2020-06-17','2020-06-15 22:52:04','2020-06-17 10:15:19',0),
(103,103,0,0,0,0,0,0,0,0,0,'2020-06-17','2020-06-15 22:52:04','2020-06-17 10:15:19',0),
(104,104,0,0,0,0,0,0,0,0,0,'2020-06-17','2020-06-15 22:52:04','2020-06-17 10:15:19',0),
(105,105,0,0,0,0,0,0,0,0,0,'2020-06-17','2020-06-15 22:52:04','2020-06-17 10:15:19',0),
(106,106,0,0,0,0,0,0,0,0,0,'2020-06-17','2020-06-15 22:52:04','2020-06-17 10:15:19',0),
(107,107,0,0,0,0,0,0,0,0,0,'2020-06-17','2020-06-15 22:52:04','2020-06-17 10:15:19',0),
(108,108,0,0,0,0,0,0,0,0,0,'2020-06-17','2020-06-15 22:52:04','2020-06-17 10:15:19',0),
(109,109,0,0,0,0,0,0,0,0,0,'2020-06-17','2020-06-15 22:52:04','2020-06-17 10:15:19',0),
(110,110,1,1,1,0,0,0,2,0,2,'2020-06-17','2020-06-15 22:52:04','2020-06-17 10:15:19',0),
(111,111,0,0,0,0,0,0,0,0,0,'2020-06-17','2020-06-15 22:52:04','2020-06-17 10:15:19',0),
(112,112,0,0,0,0,0,0,0,0,0,'2020-06-17','2020-06-15 22:52:04','2020-06-17 10:15:19',0),
(113,113,0,0,0,0,0,0,0,0,0,'2020-06-17','2020-06-15 22:52:04','2020-06-17 10:15:19',0),
(114,114,1,1,0,0,0,0,1,0,1,'2020-06-17','2020-06-15 22:52:04','2020-06-17 10:15:19',0),
(115,115,0,0,0,0,0,0,0,0,0,'2020-06-17','2020-06-15 22:52:04','2020-06-17 10:15:19',0),
(116,116,0,0,0,0,0,0,0,0,0,'2020-06-17','2020-06-15 22:52:04','2020-06-17 10:15:19',0),
(117,117,0,0,0,0,0,0,0,0,0,'2020-06-17','2020-06-15 22:52:04','2020-06-17 10:15:19',0),
(118,118,0,0,0,0,0,0,0,0,0,'2020-06-17','2020-06-15 22:52:04','2020-06-17 10:15:19',0),
(119,119,0,0,0,0,0,0,0,0,0,'2020-06-17','2020-06-15 22:52:04','2020-06-17 10:15:19',0),
(120,120,1,14,0,16,0,0,30,0,30,'2020-06-17','2020-06-15 22:52:04','2020-06-17 10:15:19',0),
(121,121,1,1,0,0,0,0,1,0,1,'2020-06-17','2020-06-15 22:52:04','2020-06-17 10:15:19',0),
(122,122,4,1,0,2,0,1,2,0,3,'2020-06-17','2020-06-15 22:52:04','2020-06-17 10:15:19',0),
(123,123,1,1,0,0,0,0,1,0,1,'2020-06-17','2020-06-15 22:52:04','2020-06-17 10:15:19',0),
(124,124,0,0,0,0,0,0,0,0,0,'2020-06-17','2020-06-15 22:52:04','2020-06-17 10:15:19',0),
(125,125,0,0,0,0,0,0,0,0,0,'2020-06-17','2020-06-15 22:52:04','2020-06-17 10:15:19',0),
(126,126,1,5,0,2,0,0,7,0,7,'2020-06-17','2020-06-15 22:52:04','2020-06-17 10:15:19',0),
(127,127,3,3,0,0,0,1,2,0,3,'2020-06-17','2020-06-15 22:52:04','2020-06-17 10:15:19',0),
(128,128,4,2,0,3,0,2,3,0,5,'2020-06-17','2020-06-15 22:52:04','2020-06-17 10:15:19',0),
(129,129,0,0,0,0,0,0,0,0,0,'2020-06-17','2020-06-15 22:52:04','2020-06-17 10:15:19',0),
(130,130,4,2,0,1,0,1,2,0,3,'2020-06-17','2020-06-15 22:52:04','2020-06-17 10:15:19',0),
(131,131,1,1,0,0,0,0,1,0,1,'2020-06-17','2020-06-15 22:52:04','2020-06-17 10:15:19',0),
(132,132,1,1,0,0,0,0,1,0,1,'2020-06-17','2020-06-15 22:52:04','2020-06-17 10:15:19',0),
(133,133,0,0,0,0,0,0,0,0,0,'2020-06-17','2020-06-15 22:52:04','2020-06-17 10:15:19',0),
(134,134,1,2,0,0,0,0,2,0,2,'2020-06-17','2020-06-15 22:52:04','2020-06-17 10:15:19',0),
(135,135,1,1,0,0,0,0,1,0,1,'2020-06-17','2020-06-15 22:52:04','2020-06-17 10:15:19',0),
(136,136,0,0,0,0,0,0,0,0,0,'2020-06-17','2020-06-15 22:52:04','2020-06-17 10:15:19',0),
(137,137,1,1,0,0,0,0,1,0,1,'2020-06-17','2020-06-15 22:52:04','2020-06-17 10:15:19',0),
(138,138,0,0,0,0,0,0,0,0,0,'2020-06-17','2020-06-15 22:52:04','2020-06-17 10:15:19',0),
(139,139,0,0,0,0,0,0,0,0,0,'2020-06-17','2020-06-15 22:52:04','2020-06-17 10:15:19',0),
(140,140,0,0,0,0,0,0,0,0,0,'2020-06-17','2020-06-15 22:52:04','2020-06-17 10:15:19',0),
(141,141,0,0,0,0,0,0,0,0,0,'2020-06-17','2020-06-15 22:52:04','2020-06-17 10:15:19',0),
(142,142,1,1,0,0,0,0,1,0,1,'2020-06-17','2020-06-15 22:52:04','2020-06-17 10:15:19',0),
(143,143,1,0,0,1,0,0,1,0,1,'2020-06-17','2020-06-15 22:52:04','2020-06-17 10:15:19',0),
(144,144,0,0,0,0,0,0,0,0,0,'2020-06-17','2020-06-15 22:52:04','2020-06-17 10:15:19',0),
(145,145,1,1,0,0,0,0,1,0,1,'2020-06-17','2020-06-15 22:52:04','2020-06-17 10:15:19',0),
(146,146,0,0,0,0,0,0,0,0,0,'2020-06-17','2020-06-15 22:52:04','2020-06-17 10:15:19',0),
(147,147,0,0,0,0,0,0,0,0,0,'2020-06-17','2020-06-15 22:52:04','2020-06-17 10:15:19',0),
(148,148,0,0,0,0,0,0,0,0,0,'2020-06-17','2020-06-15 22:52:04','2020-06-17 10:15:19',0),
(149,149,0,0,0,0,0,0,0,0,0,'2020-06-17','2020-06-15 22:52:04','2020-06-17 10:15:19',0),
(150,150,0,0,0,0,0,0,0,0,0,'2020-06-17','2020-06-15 22:52:04','2020-06-17 10:15:19',0),
(151,151,0,0,0,0,0,0,0,0,0,'2020-06-17','2020-06-15 22:52:04','2020-06-17 10:15:19',0),
(152,152,0,0,0,0,0,0,0,0,0,'2020-06-17','2020-06-15 22:52:04','2020-06-17 10:15:19',0),
(153,153,1,1,0,0,0,0,1,0,1,'2020-06-17','2020-06-15 22:52:04','2020-06-17 10:15:19',0),
(154,154,0,0,0,0,0,0,0,0,0,'2020-06-17','2020-06-15 22:52:04','2020-06-17 10:15:19',0),
(155,155,4,0,0,1,0,1,0,0,1,'2020-06-17','2020-06-15 22:52:04','2020-06-17 10:15:19',0),
(156,156,0,0,0,0,0,0,0,0,0,'2020-06-17','2020-06-15 22:52:04','2020-06-17 10:15:19',0),
(157,157,3,2,0,0,0,1,1,0,2,'2020-06-17','2020-06-15 22:52:04','2020-06-17 10:15:19',0),
(158,158,4,0,0,2,0,1,1,0,2,'2020-06-17','2020-06-15 22:52:04','2020-06-17 10:15:19',0),
(159,159,0,0,0,0,0,0,0,0,0,'2020-06-17','2020-06-15 22:52:04','2020-06-17 10:15:19',0),
(160,160,4,0,0,2,0,1,1,0,2,'2020-06-17','2020-06-15 22:52:04','2020-06-17 10:15:19',0),
(161,161,1,1,0,0,0,0,1,0,1,'2020-06-17','2020-06-15 22:52:04','2020-06-17 10:15:19',0),
(162,162,0,0,0,0,0,0,0,0,0,'2020-06-17','2020-06-15 22:52:04','2020-06-17 10:15:19',0),
(163,163,0,0,0,0,0,0,0,0,0,'2020-06-17','2020-06-15 22:52:04','2020-06-17 10:15:19',0),
(164,164,0,0,0,0,0,0,0,0,0,'2020-06-17','2020-06-15 22:52:04','2020-06-17 10:15:19',0),
(165,165,1,0,1,0,0,0,1,0,1,'2020-06-17','2020-06-15 22:52:04','2020-06-17 10:15:19',0),
(166,166,0,0,0,0,0,0,0,0,0,'2020-06-17','2020-06-15 22:52:04','2020-06-17 10:15:19',0),
(167,167,0,0,0,0,0,0,0,0,0,'2020-06-17','2020-06-15 22:52:04','2020-06-17 10:15:19',0),
(168,168,0,0,0,0,0,0,0,0,0,'2020-06-17','2020-06-15 22:52:04','2020-06-17 10:15:19',0),
(169,169,4,0,0,1,0,1,0,0,1,'2020-06-17','2020-06-15 22:52:04','2020-06-17 10:15:19',0),
(170,170,0,0,0,0,0,0,0,0,0,'2020-06-17','2020-06-15 22:52:04','2020-06-17 10:15:19',0),
(171,171,0,0,0,0,0,0,0,0,0,'2020-06-17','2020-06-15 22:52:04','2020-06-17 10:15:19',0),
(172,172,0,0,0,0,0,0,0,0,0,'2020-06-17','2020-06-15 22:52:04','2020-06-17 10:15:19',0),
(173,173,0,0,0,0,0,0,0,0,0,'2020-06-17','2020-06-15 22:52:04','2020-06-17 10:15:19',0),
(174,174,0,0,0,0,0,0,0,0,0,'2020-06-17','2020-06-15 22:52:04','2020-06-17 10:15:19',0),
(175,175,0,0,0,0,0,0,0,0,0,'2020-06-17','2020-06-15 22:52:04','2020-06-17 10:15:19',0),
(176,176,0,0,0,0,0,0,0,0,0,'2020-06-17','2020-06-15 22:52:04','2020-06-17 10:15:19',0),
(177,177,0,0,0,0,0,0,0,0,0,'2020-06-17','2020-06-15 22:52:04','2020-06-17 10:15:19',0),
(178,178,0,0,0,0,0,0,0,0,0,'2020-06-17','2020-06-15 22:52:04','2020-06-17 10:15:19',0),
(179,179,0,0,0,0,0,0,0,0,0,'2020-06-17','2020-06-15 22:52:04','2020-06-17 10:15:19',0),
(180,180,0,0,0,0,0,0,0,0,0,'2020-06-17','2020-06-15 22:52:04','2020-06-17 10:15:19',0),
(181,181,0,0,0,0,0,0,0,0,0,'2020-06-17','2020-06-15 22:52:04','2020-06-17 10:15:19',0),
(182,182,1,1,0,0,0,0,1,0,1,'2020-06-17','2020-06-15 22:52:04','2020-06-17 10:15:19',0),
(183,183,0,0,0,0,0,0,0,0,0,'2020-06-17','2020-06-15 22:52:04','2020-06-17 10:15:19',0),
(184,184,0,0,0,0,0,0,0,0,0,'2020-06-17','2020-06-15 22:52:04','2020-06-17 10:15:19',0),
(185,185,2,1,0,0,0,1,0,0,1,'2020-06-17','2020-06-15 22:52:04','2020-06-17 10:15:19',0),
(186,186,1,1,0,0,0,0,1,0,1,'2020-06-17','2020-06-15 22:52:04','2020-06-17 10:15:19',0),
(187,187,1,1,0,0,0,0,1,0,1,'2020-06-17','2020-06-15 22:52:04','2020-06-17 10:15:19',0),
(188,188,0,0,0,0,0,0,0,0,0,'2020-06-17','2020-06-15 22:52:04','2020-06-17 10:15:19',0),
(189,189,0,0,0,0,0,0,0,0,0,'2020-06-17','2020-06-15 22:52:04','2020-06-17 10:15:19',0),
(190,190,0,0,0,0,0,0,0,0,0,'2020-06-17','2020-06-15 22:52:04','2020-06-17 10:15:19',0),
(191,191,1,1,0,0,0,0,1,0,1,'2020-06-17','2020-06-15 22:52:04','2020-06-17 10:15:19',0),
(192,192,0,0,0,0,0,0,0,0,0,'2020-06-17','2020-06-15 22:52:04','2020-06-17 10:15:19',0),
(193,193,0,0,0,0,0,0,0,0,0,'2020-06-17','2020-06-15 22:52:04','2020-06-17 10:15:19',0),
(194,194,0,0,0,0,0,0,0,0,0,'2020-06-17','2020-06-15 22:52:04','2020-06-17 10:15:19',0),
(195,195,0,0,0,0,0,0,0,0,0,'2020-06-17','2020-06-15 22:52:04','2020-06-17 10:15:19',0),
(196,196,0,0,0,0,0,0,0,0,0,'2020-06-17','2020-06-15 22:52:04','2020-06-17 10:15:19',0),
(197,197,1,0,0,1,0,0,1,0,1,'2020-06-17','2020-06-15 22:52:04','2020-06-17 10:15:19',0),
(198,198,0,0,0,0,0,0,0,0,0,'2020-06-17','2020-06-15 22:52:04','2020-06-17 10:15:19',0),
(199,199,0,0,0,0,0,0,0,0,0,'2020-06-17','2020-06-15 22:52:04','2020-06-17 10:15:19',0),
(200,200,0,0,0,0,0,0,0,0,0,'2020-06-17','2020-06-15 22:52:04','2020-06-17 10:15:19',0),
(201,201,1,0,0,6,0,0,6,0,6,'2020-06-17','2020-06-15 22:52:04','2020-06-17 10:15:19',0),
(202,202,0,0,0,0,0,0,0,0,0,'2020-06-17','2020-06-15 22:52:04','2020-06-17 10:15:19',0),
(203,203,0,0,0,0,0,0,0,0,0,'2020-06-17','2020-06-15 22:52:04','2020-06-17 10:15:19',0),
(204,204,0,0,0,0,0,0,0,0,0,'2020-06-17','2020-06-15 22:52:04','2020-06-17 10:15:19',0),
(205,205,0,0,0,0,0,0,0,0,0,'2020-06-17','2020-06-15 22:52:04','2020-06-17 10:15:19',0),
(206,206,0,0,0,0,0,0,0,0,0,'2020-06-17','2020-06-15 22:52:04','2020-06-17 10:15:19',0),
(207,207,0,0,0,0,0,0,0,0,0,'2020-06-17','2020-06-15 22:52:04','2020-06-17 10:15:19',0),
(208,208,0,0,0,0,0,0,0,0,0,'2020-06-17','2020-06-15 22:52:04','2020-06-17 10:15:19',0),
(209,209,0,0,0,0,0,0,0,0,0,'2020-06-17','2020-06-15 22:52:04','2020-06-17 10:15:19',0),
(210,210,0,0,0,0,0,0,0,0,0,'2020-06-17','2020-06-15 22:52:04','2020-06-17 10:15:19',0),
(211,211,1,1,1,0,0,0,2,0,2,'2020-06-17','2020-06-15 22:52:04','2020-06-17 10:15:19',0),
(212,212,4,1,0,1,0,1,1,0,2,'2020-06-17','2020-06-15 22:52:04','2020-06-17 10:15:19',0),
(213,213,1,1,0,0,0,0,1,0,1,'2020-06-17','2020-06-15 22:52:04','2020-06-17 10:15:19',0),
(214,214,0,0,0,0,0,0,0,0,0,'2020-06-17','2020-06-15 22:52:04','2020-06-17 10:15:19',0),
(215,215,0,0,0,0,0,0,0,0,0,'2020-06-17','2020-06-15 22:52:04','2020-06-17 10:15:19',0),
(216,216,0,0,0,0,0,0,0,0,0,'2020-06-17','2020-06-15 22:52:04','2020-06-17 10:15:19',0),
(217,217,0,0,0,0,0,0,0,0,0,'2020-06-17','2020-06-15 22:52:04','2020-06-17 10:15:19',0),
(218,218,1,2,0,0,0,0,2,0,2,'2020-06-17','2020-06-15 22:52:04','2020-06-17 10:15:19',0),
(219,219,0,0,0,0,0,0,0,0,0,'2020-06-17','2020-06-15 22:52:04','2020-06-17 10:15:19',0),
(220,220,0,0,0,0,0,0,0,0,0,'2020-06-17','2020-06-15 22:52:04','2020-06-17 10:15:19',0),
(221,221,0,0,0,0,0,0,0,0,0,'2020-06-17','2020-06-15 22:52:04','2020-06-17 10:15:19',0),
(222,222,0,0,0,0,0,0,0,0,0,'2020-06-17','2020-06-15 22:52:04','2020-06-17 10:15:19',0),
(223,223,0,0,0,0,0,0,0,0,0,'2020-06-17','2020-06-15 22:52:04','2020-06-17 10:15:19',0),
(224,224,0,0,0,0,0,0,0,0,0,'2020-06-17','2020-06-15 22:52:04','2020-06-17 10:15:19',0),
(225,225,0,0,0,0,0,0,0,0,0,'2020-06-17','2020-06-15 22:52:04','2020-06-17 10:15:19',0),
(226,226,0,0,0,0,0,0,0,0,0,'2020-06-17','2020-06-15 22:52:04','2020-06-17 10:15:19',0),
(227,227,1,0,0,2,0,0,2,0,2,'2020-06-17','2020-06-15 22:52:04','2020-06-17 10:15:19',0),
(228,228,0,0,0,0,0,0,0,0,0,'2020-06-17','2020-06-15 22:52:04','2020-06-17 10:15:19',0),
(229,229,0,0,0,0,0,0,0,0,0,'2020-06-17','2020-06-15 22:52:04','2020-06-17 10:15:19',0),
(230,230,0,0,0,0,0,0,0,0,0,'2020-06-17','2020-06-15 22:52:04','2020-06-17 10:15:19',0),
(231,231,0,0,0,0,0,0,0,0,0,'2020-06-17','2020-06-15 22:52:04','2020-06-17 10:15:19',0),
(232,232,0,0,0,0,0,0,0,0,0,'2020-06-17','2020-06-15 22:52:04','2020-06-17 10:15:19',0),
(233,233,0,0,0,0,0,0,0,0,0,'2020-06-17','2020-06-15 22:52:04','2020-06-17 10:15:19',0),
(234,234,0,0,0,0,0,0,0,0,0,'2020-06-17','2020-06-15 22:52:04','2020-06-17 10:15:19',0),
(235,235,0,0,0,0,0,0,0,0,0,'2020-06-17','2020-06-15 22:52:04','2020-06-17 10:15:19',0),
(236,236,0,0,0,0,0,0,0,0,0,'2020-06-17','2020-06-15 22:52:04','2020-06-17 10:15:19',0),
(237,237,1,0,0,1,0,0,1,0,1,'2020-06-17','2020-06-15 22:52:04','2020-06-17 10:15:19',0),
(238,238,0,0,0,0,0,0,0,0,0,'2020-06-17','2020-06-15 22:52:04','2020-06-17 10:15:19',0),
(239,239,0,0,0,0,0,0,0,0,0,'2020-06-17','2020-06-15 22:52:04','2020-06-17 10:15:19',0),
(240,240,1,1,0,0,0,0,1,0,1,'2020-06-17','2020-06-15 22:52:04','2020-06-17 10:15:19',0),
(241,241,0,0,0,0,0,0,0,0,0,'2020-06-17','2020-06-15 22:52:04','2020-06-17 10:15:19',0),
(242,242,4,0,1,2,0,2,1,0,3,'2020-06-17','2020-06-15 22:52:04','2020-06-17 10:15:19',0),
(243,243,4,1,0,2,0,2,1,0,3,'2020-06-17','2020-06-15 22:52:04','2020-06-17 10:15:19',0),
(244,244,0,0,0,0,0,0,0,0,0,'2020-06-17','2020-06-15 22:52:04','2020-06-17 10:15:19',0),
(245,245,0,0,0,0,0,0,0,0,0,'2020-06-17','2020-06-15 22:52:04','2020-06-17 10:15:19',0),
(246,246,4,0,0,3,0,1,2,0,3,'2020-06-17','2020-06-15 22:52:04','2020-06-17 10:15:19',0),
(247,247,0,0,0,0,0,0,0,0,0,'2020-06-17','2020-06-15 22:52:04','2020-06-17 10:15:19',0),
(248,248,1,1,0,0,0,0,1,0,1,'2020-06-17','2020-06-15 22:52:04','2020-06-17 10:15:19',0),
(249,249,0,0,0,0,0,0,0,0,0,'2020-06-17','2020-06-15 22:52:04','2020-06-17 10:15:19',0),
(250,250,0,0,0,0,0,0,0,0,0,'2020-06-17','2020-06-15 22:52:04','2020-06-17 10:15:19',0),
(251,251,1,2,0,0,0,0,2,0,2,'2020-06-17','2020-06-15 22:52:04','2020-06-17 10:15:19',0),
(252,252,0,0,0,0,0,0,0,0,0,'2020-06-17','2020-06-15 22:52:04','2020-06-17 10:15:19',0),
(253,253,0,0,0,0,0,0,0,0,0,'2020-06-17','2020-06-15 22:52:04','2020-06-17 10:15:19',0),
(254,254,0,0,0,0,0,0,0,0,0,'2020-06-17','2020-06-15 22:52:04','2020-06-17 10:15:19',0),
(255,255,0,0,0,0,0,0,0,0,0,'2020-06-17','2020-06-15 22:52:04','2020-06-17 10:15:19',0),
(256,256,0,0,0,0,0,0,0,0,0,'2020-06-17','2020-06-15 22:52:04','2020-06-17 10:15:19',0),
(257,257,0,0,0,0,0,0,0,0,0,'2020-06-17','2020-06-15 22:52:04','2020-06-17 10:15:19',0),
(258,258,0,0,0,0,0,0,0,0,0,'2020-06-17','2020-06-15 22:52:04','2020-06-17 10:15:19',0),
(259,259,0,0,0,0,0,0,0,0,0,'2020-06-17','2020-06-15 22:52:04','2020-06-17 10:15:19',0),
(260,260,0,0,0,0,0,0,0,0,0,'2020-06-17','2020-06-15 22:52:04','2020-06-17 10:15:19',0),
(261,261,1,1,0,0,0,0,1,0,1,'2020-06-17','2020-06-15 22:52:04','2020-06-17 10:15:19',0),
(262,262,0,0,0,0,0,0,0,0,0,'2020-06-17','2020-06-15 22:52:04','2020-06-17 10:15:19',0),
(263,263,0,0,0,0,0,0,0,0,0,'2020-06-17','2020-06-15 22:52:04','2020-06-17 10:15:19',0),
(264,264,1,1,0,0,0,0,1,0,1,'2020-06-17','2020-06-15 22:52:04','2020-06-17 10:15:19',0),
(265,265,0,0,0,0,0,0,0,0,0,'2020-06-17','2020-06-15 22:52:04','2020-06-17 10:15:19',0),
(266,266,1,1,0,1,0,0,2,0,2,'2020-06-17','2020-06-15 22:52:04','2020-06-17 10:15:19',0),
(267,267,1,1,0,0,0,0,1,0,1,'2020-06-17','2020-06-15 22:52:04','2020-06-17 10:15:19',0),
(268,268,0,0,0,0,0,0,0,0,0,'2020-06-17','2020-06-15 22:52:04','2020-06-17 10:15:19',0),
(269,269,1,0,0,2,0,0,2,0,2,'2020-06-17','2020-06-15 22:52:04','2020-06-17 10:15:19',0),
(270,270,0,0,0,0,0,0,0,0,0,'2020-06-17','2020-06-15 22:52:04','2020-06-17 10:15:19',0),
(271,271,0,0,0,0,0,0,0,0,0,'2020-06-17','2020-06-15 22:52:04','2020-06-17 10:15:19',0),
(272,272,4,0,0,42,0,3,39,0,42,'2020-06-17','2020-06-15 22:52:04','2020-06-17 10:15:19',0),
(273,273,1,0,0,1,0,0,1,0,1,'2020-06-17','2020-06-15 22:52:04','2020-06-17 10:15:19',0),
(274,274,2,1,0,0,0,1,0,0,1,'2020-06-17','2020-06-15 22:52:04','2020-06-17 10:15:19',0),
(275,275,0,0,0,0,0,0,0,0,0,'2020-06-17','2020-06-15 22:52:04','2020-06-17 10:15:19',0),
(276,276,0,0,0,0,0,0,0,0,0,'2020-06-17','2020-06-15 22:52:04','2020-06-17 10:15:19',0),
(277,277,1,2,0,0,0,0,2,0,2,'2020-06-17','2020-06-15 22:52:04','2020-06-17 10:15:19',0),
(278,278,0,0,0,0,0,0,0,0,0,'2020-06-17','2020-06-15 22:52:04','2020-06-17 10:15:19',0),
(279,279,4,0,0,1,0,1,0,0,1,'2020-06-17','2020-06-15 22:52:04','2020-06-17 10:15:19',0),
(280,280,1,2,0,1,0,0,3,0,3,'2020-06-17','2020-06-15 22:52:04','2020-06-17 10:15:19',0),
(281,281,0,0,0,0,0,0,0,0,0,'2020-06-17','2020-06-15 22:52:04','2020-06-17 10:15:19',0),
(282,282,4,0,0,1,0,1,0,0,1,'2020-06-17','2020-06-15 22:52:04','2020-06-17 10:15:19',0),
(283,283,0,0,0,0,0,0,0,0,0,'2020-06-17','2020-06-15 22:52:04','2020-06-17 10:15:19',0),
(284,284,1,0,1,0,0,0,1,0,1,'2020-06-17','2020-06-15 22:52:04','2020-06-17 10:15:19',0),
(285,285,4,0,0,6,0,3,3,0,6,'2020-06-17','2020-06-15 22:52:04','2020-06-17 10:15:19',0),
(286,286,4,0,0,1,0,1,0,0,1,'2020-06-17','2020-06-15 22:52:04','2020-06-17 10:15:19',0),
(287,287,1,0,1,1,0,0,2,0,2,'2020-06-17','2020-06-15 22:52:04','2020-06-17 10:15:19',0),
(288,288,4,2,0,4,0,4,2,0,6,'2020-06-17','2020-06-15 22:52:04','2020-06-17 10:15:19',0),
(289,289,4,1,0,19,0,19,1,0,20,'2020-06-17','2020-06-15 22:52:04','2020-06-17 10:15:19',0),
(290,290,4,0,0,5,0,5,0,0,5,'2020-06-17','2020-06-15 22:52:04','2020-06-17 10:15:19',0),
(291,291,4,0,1,3,0,3,1,0,4,'2020-06-17','2020-06-15 22:52:04','2020-06-17 10:15:19',0),
(292,292,4,1,0,8,0,8,1,0,9,'2020-06-17','2020-06-15 22:52:04','2020-06-17 10:15:19',0),
(293,293,1,3,1,0,0,0,4,0,4,'2020-06-17','2020-06-15 22:52:04','2020-06-17 10:15:19',0),
(294,294,4,1,1,1,0,2,1,0,3,'2020-06-17','2020-06-15 22:52:04','2020-06-17 10:15:19',0),
(295,295,4,2,1,3,0,2,4,0,6,'2020-06-17','2020-06-15 22:52:04','2020-06-17 10:15:19',0),
(296,296,4,1,0,2,0,2,1,0,3,'2020-06-17','2020-06-15 22:52:04','2020-06-17 10:15:19',0),
(297,297,1,4,1,2,0,0,7,0,7,'2020-06-17','2020-06-15 22:52:04','2020-06-17 10:15:19',0),
(298,298,0,0,0,0,0,0,0,0,0,'2020-06-17','2020-06-15 22:52:04','2020-06-17 10:15:19',0),
(299,299,1,0,0,5,0,0,5,0,5,'2020-06-17','2020-06-15 22:52:04','2020-06-17 10:15:19',0),
(300,300,4,0,0,2,0,2,0,0,2,'2020-06-17','2020-06-15 22:52:04','2020-06-17 10:15:19',0),
(301,301,4,2,0,6,0,5,3,0,8,'2020-06-17','2020-06-15 22:52:04','2020-06-17 10:15:19',0),
(302,302,1,0,1,1,0,0,2,0,2,'2020-06-17','2020-06-15 22:52:04','2020-06-17 10:15:19',0),
(303,303,0,0,0,0,0,0,0,0,0,'2020-06-17','2020-06-15 22:52:04','2020-06-17 10:15:19',0),
(304,304,4,1,1,4,0,4,2,0,6,'2020-06-17','2020-06-15 22:52:04','2020-06-17 10:15:19',0),
(305,305,4,2,0,6,0,5,2,1,8,'2020-06-17','2020-06-15 22:52:04','2020-06-17 10:15:19',0),
(306,306,4,0,2,2,0,2,2,0,4,'2020-06-17','2020-06-15 22:52:04','2020-06-17 10:15:19',0),
(307,307,0,0,0,0,0,0,0,0,0,'2020-06-17','2020-06-15 22:52:04','2020-06-17 10:15:19',0),
(308,308,4,3,0,4,0,3,4,0,7,'2020-06-17','2020-06-15 22:52:04','2020-06-17 10:15:19',0),
(309,309,1,1,0,0,0,0,1,0,1,'2020-06-17','2020-06-15 22:52:04','2020-06-17 10:15:19',0),
(310,310,4,2,0,10,0,9,3,0,12,'2020-06-17','2020-06-15 22:52:04','2020-06-17 10:15:19',0),
(311,311,1,1,0,0,0,0,1,0,1,'2020-06-17','2020-06-15 22:52:04','2020-06-17 10:15:19',0),
(312,312,0,0,0,0,0,0,0,0,0,'2020-06-17','2020-06-15 22:52:04','2020-06-17 10:15:19',0),
(313,313,4,1,1,2,0,2,2,0,4,'2020-06-17','2020-06-15 22:52:04','2020-06-17 10:15:19',0),
(314,314,1,1,0,0,0,0,1,0,1,'2020-06-17','2020-06-15 22:52:04','2020-06-17 10:15:19',0),
(315,315,4,0,2,2,0,2,2,0,4,'2020-06-17','2020-06-15 22:52:04','2020-06-17 10:15:19',0),
(316,316,0,0,0,0,0,0,0,0,0,'2020-06-17','2020-06-15 22:52:04','2020-06-17 10:15:19',0),
(317,317,1,0,0,1,0,0,1,0,1,'2020-06-17','2020-06-15 22:52:04','2020-06-17 10:15:19',0),
(318,318,4,1,0,4,0,1,4,0,5,'2020-06-17','2020-06-15 22:52:04','2020-06-17 10:15:19',0),
(319,319,4,0,0,1,0,1,0,0,1,'2020-06-17','2020-06-15 22:52:04','2020-06-17 10:15:19',0),
(320,320,1,0,1,0,0,0,1,0,1,'2020-06-17','2020-06-15 22:52:04','2020-06-17 10:15:19',0),
(321,321,4,3,0,8,0,7,4,0,11,'2020-06-17','2020-06-15 22:52:04','2020-06-17 10:15:19',0),
(322,322,4,1,0,10,0,4,6,1,11,'2020-06-17','2020-06-15 22:52:04','2020-06-17 10:15:19',0),
(323,323,1,0,1,0,0,0,1,0,1,'2020-06-17','2020-06-15 22:52:04','2020-06-17 10:15:19',0),
(324,324,4,5,1,5,0,4,7,0,11,'2020-06-17','2020-06-15 22:52:04','2020-06-17 10:15:19',0),
(325,325,1,1,1,0,0,0,2,0,2,'2020-06-17','2020-06-15 22:52:04','2020-06-17 10:15:19',0),
(326,326,0,0,0,0,0,0,0,0,0,'2020-06-17','2020-06-15 22:52:04','2020-06-17 10:15:19',0),
(327,327,0,0,0,0,0,0,0,0,0,'2020-06-17','2020-06-15 22:52:04','2020-06-17 10:15:19',0),
(328,328,0,0,0,0,0,0,0,0,0,'2020-06-17','2020-06-15 22:52:04','2020-06-17 10:15:19',0),
(329,329,2,1,0,0,0,1,0,0,1,'2020-06-17','2020-06-15 22:52:04','2020-06-17 10:15:19',0),
(330,330,0,0,0,0,0,0,0,0,0,'2020-06-17','2020-06-15 22:52:04','2020-06-17 10:15:19',0),
(331,331,1,2,0,0,0,0,2,0,2,'2020-06-17','2020-06-15 22:52:04','2020-06-17 10:15:19',0),
(332,332,1,1,0,0,0,0,1,0,1,'2020-06-17','2020-06-15 22:52:04','2020-06-17 10:15:19',0),
(333,333,1,1,0,0,0,0,1,0,1,'2020-06-17','2020-06-15 22:52:04','2020-06-17 10:15:19',0),
(334,334,0,0,0,0,0,0,0,0,0,'2020-06-17','2020-06-15 22:52:04','2020-06-17 10:15:19',0),
(335,335,0,0,0,0,0,0,0,0,0,'2020-06-17','2020-06-15 22:52:04','2020-06-17 10:15:19',0),
(336,336,0,0,0,0,0,0,0,0,0,'2020-06-17','2020-06-15 22:52:04','2020-06-17 10:15:19',0),
(337,337,0,0,0,0,0,0,0,0,0,'2020-06-17','2020-06-15 22:52:04','2020-06-17 10:15:19',0),
(338,338,4,0,0,4,0,4,0,0,4,'2020-06-17','2020-06-15 22:52:04','2020-06-17 10:15:19',0),
(339,339,0,0,0,0,0,0,0,0,0,'2020-06-17','2020-06-15 22:52:04','2020-06-17 10:15:19',0),
(340,340,1,1,0,0,0,0,1,0,1,'2020-06-17','2020-06-15 22:52:04','2020-06-17 10:15:19',0),
(341,341,1,1,0,0,0,0,1,0,1,'2020-06-17','2020-06-15 22:52:04','2020-06-17 10:15:19',0),
(342,342,4,0,0,4,0,4,0,0,4,'2020-06-17','2020-06-15 22:52:04','2020-06-17 10:15:19',0),
(343,343,1,1,0,0,0,0,1,0,1,'2020-06-17','2020-06-15 22:52:04','2020-06-17 10:15:19',0),
(344,344,1,1,0,0,0,0,1,0,1,'2020-06-17','2020-06-15 22:52:04','2020-06-17 10:15:19',0),
(345,345,0,0,0,0,0,0,0,0,0,'2020-06-17','2020-06-15 22:52:04','2020-06-17 10:15:19',0),
(346,346,0,0,0,0,0,0,0,0,0,'2020-06-17','2020-06-15 22:52:04','2020-06-17 10:15:19',0),
(347,347,0,0,0,0,0,0,0,0,0,'2020-06-17','2020-06-15 22:52:04','2020-06-17 10:15:19',0),
(348,348,0,0,0,0,0,0,0,0,0,'2020-06-17','2020-06-15 22:52:04','2020-06-17 10:15:19',0),
(349,349,0,0,0,0,0,0,0,0,0,'2020-06-17','2020-06-15 22:52:04','2020-06-17 10:15:19',0),
(350,350,0,0,0,0,0,0,0,0,0,'2020-06-17','2020-06-15 22:52:04','2020-06-17 10:15:19',0),
(351,351,0,0,0,0,0,0,0,0,0,'2020-06-17','2020-06-15 22:52:04','2020-06-17 10:15:19',0),
(352,352,0,0,0,0,0,0,0,0,0,'2020-06-17','2020-06-15 22:52:04','2020-06-17 10:15:19',0),
(353,353,0,0,0,0,0,0,0,0,0,'2020-06-17','2020-06-15 22:52:04','2020-06-17 10:15:19',0),
(354,354,0,0,0,0,0,0,0,0,0,'2020-06-17','2020-06-15 22:52:04','2020-06-17 10:15:19',0),
(355,355,0,0,0,0,0,0,0,0,0,'2020-06-17','2020-06-15 22:52:04','2020-06-17 10:15:19',0),
(356,356,0,0,0,0,0,0,0,0,0,'2020-06-17','2020-06-15 22:52:04','2020-06-17 10:15:19',0),
(357,357,0,0,0,0,0,0,0,0,0,'2020-06-17','2020-06-15 22:52:04','2020-06-17 10:15:19',0),
(358,358,0,0,0,0,0,0,0,0,0,'2020-06-17','2020-06-15 22:52:04','2020-06-17 10:15:19',0),
(359,359,0,0,0,0,0,0,0,0,0,'2020-06-17','2020-06-15 22:52:04','2020-06-17 10:15:19',0),
(360,360,1,1,1,0,0,0,2,0,2,'2020-06-17','2020-06-15 22:52:04','2020-06-17 10:15:19',0),
(361,361,0,0,0,0,0,0,0,0,0,'2020-06-17','2020-06-15 22:52:04','2020-06-17 10:15:19',0),
(362,362,4,3,0,2,0,4,1,0,5,'2020-06-17','2020-06-15 22:52:04','2020-06-17 10:15:19',0),
(363,363,1,1,0,0,0,0,1,0,1,'2020-06-17','2020-06-15 22:52:04','2020-06-17 10:15:19',0),
(364,364,4,0,0,1,0,1,0,0,1,'2020-06-17','2020-06-15 22:52:04','2020-06-17 10:15:19',0),
(365,365,1,0,0,1,0,0,1,0,1,'2020-06-17','2020-06-15 22:52:04','2020-06-17 10:15:19',0),
(366,366,0,0,0,0,0,0,0,0,0,'2020-06-17','2020-06-15 22:52:04','2020-06-17 10:15:19',0),
(367,367,0,0,0,0,0,0,0,0,0,'2020-06-17','2020-06-15 22:52:04','2020-06-17 10:15:19',0),
(368,368,0,0,0,0,0,0,0,0,0,'2020-06-17','2020-06-15 22:52:04','2020-06-17 10:15:19',0),
(369,369,0,0,0,0,0,0,0,0,0,'2020-06-17','2020-06-15 22:52:04','2020-06-17 10:15:19',0),
(370,370,0,0,0,0,0,0,0,0,0,'2020-06-17','2020-06-15 22:52:04','2020-06-17 10:15:19',0),
(371,371,4,1,0,2,0,1,2,0,3,'2020-06-17','2020-06-15 22:52:04','2020-06-17 10:15:19',0),
(372,372,4,0,0,1,0,1,0,0,1,'2020-06-17','2020-06-15 22:52:04','2020-06-17 10:15:19',0),
(373,373,0,0,0,0,0,0,0,0,0,'2020-06-17','2020-06-15 22:52:04','2020-06-17 10:15:19',0),
(374,374,3,2,2,0,0,1,3,0,4,'2020-06-17','2020-06-15 22:52:04','2020-06-17 10:15:19',0),
(375,375,0,0,0,0,0,0,0,0,0,'2020-06-17','2020-06-15 22:52:04','2020-06-17 10:15:19',0),
(376,376,1,1,0,0,0,0,1,0,1,'2020-06-17','2020-06-15 22:52:04','2020-06-17 10:15:19',0),
(377,377,0,0,0,0,0,0,0,0,0,'2020-06-17','2020-06-15 22:52:04','2020-06-17 10:15:19',0),
(378,378,0,0,0,0,0,0,0,0,0,'2020-06-17','2020-06-15 22:52:04','2020-06-17 10:15:19',0),
(379,379,1,0,1,0,0,0,1,0,1,'2020-06-17','2020-06-15 22:52:04','2020-06-17 10:15:19',0),
(380,380,0,0,0,0,0,0,0,0,0,'2020-06-17','2020-06-15 22:52:04','2020-06-17 10:15:19',0),
(381,381,0,0,0,0,0,0,0,0,0,'2020-06-17','2020-06-15 22:52:04','2020-06-17 10:15:19',0),
(382,382,1,1,0,0,0,0,1,0,1,'2020-06-17','2020-06-15 22:52:04','2020-06-17 10:15:19',0),
(383,383,0,0,0,0,0,0,0,0,0,'2020-06-17','2020-06-15 22:52:04','2020-06-17 10:15:19',0),
(384,384,0,0,0,0,0,0,0,0,0,'2020-06-17','2020-06-15 22:52:04','2020-06-17 10:15:19',0),
(385,385,0,0,0,0,0,0,0,0,0,'2020-06-17','2020-06-15 22:52:04','2020-06-17 10:15:19',0),
(386,386,0,0,0,0,0,0,0,0,0,'2020-06-17','2020-06-15 22:52:04','2020-06-17 10:15:19',0),
(387,387,3,2,0,0,0,1,1,0,2,'2020-06-17','2020-06-15 22:52:04','2020-06-17 10:15:19',0),
(388,388,1,0,1,0,0,0,1,0,1,'2020-06-17','2020-06-15 22:52:04','2020-06-17 10:15:19',0),
(389,389,2,1,0,0,0,1,0,0,1,'2020-06-17','2020-06-15 22:52:04','2020-06-17 10:15:19',0),
(390,390,4,0,0,1,0,1,0,0,1,'2020-06-17','2020-06-15 22:52:04','2020-06-17 10:15:19',0),
(391,391,1,4,0,3,0,0,7,0,7,'2020-06-17','2020-06-15 22:52:04','2020-06-17 10:15:19',0),
(392,392,0,0,0,0,0,0,0,0,0,'2020-06-17','2020-06-15 22:52:04','2020-06-17 10:15:19',0),
(393,393,0,0,0,0,0,0,0,0,0,'2020-06-17','2020-06-15 22:52:04','2020-06-17 10:15:19',0),
(394,394,0,0,0,0,0,0,0,0,0,'2020-06-17','2020-06-15 22:52:04','2020-06-17 10:15:19',0),
(395,395,0,0,0,0,0,0,0,0,0,'2020-06-17','2020-06-15 22:52:04','2020-06-17 10:15:19',0),
(396,396,0,0,0,0,0,0,0,0,0,'2020-06-17','2020-06-15 22:52:04','2020-06-17 10:15:19',0),
(397,397,0,0,0,0,0,0,0,0,0,'2020-06-17','2020-06-15 22:52:04','2020-06-17 10:15:19',0),
(398,398,1,1,0,0,0,0,1,0,1,'2020-06-17','2020-06-15 22:52:04','2020-06-17 10:15:19',0),
(399,399,1,1,0,0,0,0,1,0,1,'2020-06-17','2020-06-15 22:52:04','2020-06-17 10:15:19',0),
(400,400,0,0,0,0,0,0,0,0,0,'2020-06-17','2020-06-15 22:52:04','2020-06-17 10:15:19',0),
(401,401,3,2,0,0,0,2,0,0,2,'2020-06-17','2020-06-15 22:52:04','2020-06-17 10:15:19',0),
(402,402,1,1,0,0,0,0,1,0,1,'2020-06-17','2020-06-15 22:52:04','2020-06-17 10:15:19',0),
(403,403,0,0,0,0,0,0,0,0,0,'2020-06-17','2020-06-15 22:52:04','2020-06-17 10:15:19',0),
(404,404,0,0,0,0,0,0,0,0,0,'2020-06-17','2020-06-15 22:52:04','2020-06-17 10:15:19',0),
(405,405,0,0,0,0,0,0,0,0,0,'2020-06-17','2020-06-15 22:52:04','2020-06-17 10:15:19',0),
(406,406,0,0,0,0,0,0,0,0,0,'2020-06-17','2020-06-15 22:52:04','2020-06-17 10:15:19',0),
(407,407,1,1,0,0,0,0,1,0,1,'2020-06-17','2020-06-15 22:52:04','2020-06-17 10:15:19',0),
(408,408,1,1,0,0,0,0,1,0,1,'2020-06-17','2020-06-15 22:52:04','2020-06-17 10:15:19',0),
(409,409,1,1,0,0,0,0,1,0,1,'2020-06-17','2020-06-15 22:52:04','2020-06-17 10:15:19',0),
(410,410,1,2,0,0,0,0,2,0,2,'2020-06-17','2020-06-15 22:52:04','2020-06-17 10:15:19',0),
(411,411,0,0,0,0,0,0,0,0,0,'2020-06-17','2020-06-15 22:52:04','2020-06-17 10:15:19',0),
(412,412,1,1,0,0,0,0,1,0,1,'2020-06-17','2020-06-15 22:52:04','2020-06-17 10:15:19',0),
(413,413,0,0,0,0,0,0,0,0,0,'2020-06-17','2020-06-15 22:52:04','2020-06-17 10:15:19',0),
(414,414,0,0,0,0,0,0,0,0,0,'2020-06-17','2020-06-15 22:52:04','2020-06-17 10:15:19',0),
(415,415,0,0,0,0,0,0,0,0,0,'2020-06-17','2020-06-15 22:52:04','2020-06-17 10:15:19',0),
(416,416,0,0,0,0,0,0,0,0,0,'2020-06-17','2020-06-15 22:52:04','2020-06-17 10:15:19',0),
(417,417,0,0,0,0,0,0,0,0,0,'2020-06-17','2020-06-15 22:52:04','2020-06-17 10:15:19',0),
(418,418,0,0,0,0,0,0,0,0,0,'2020-06-17','2020-06-15 22:52:04','2020-06-17 10:15:19',0),
(419,419,0,0,0,0,0,0,0,0,0,'2020-06-17','2020-06-15 22:52:04','2020-06-17 10:15:19',0),
(420,420,1,1,0,0,0,0,1,0,1,'2020-06-17','2020-06-15 22:52:04','2020-06-17 10:15:19',0),
(421,421,1,1,0,0,0,0,1,0,1,'2020-06-17','2020-06-15 22:52:04','2020-06-17 10:15:19',0),
(422,422,0,0,0,0,0,0,0,0,0,'2020-06-17','2020-06-15 22:52:04','2020-06-17 10:15:19',0),
(423,423,1,1,0,0,0,0,1,0,1,'2020-06-17','2020-06-15 22:52:04','2020-06-17 10:15:19',0),
(424,424,0,0,0,0,0,0,0,0,0,'2020-06-17','2020-06-15 22:52:04','2020-06-17 10:15:19',0),
(425,425,0,0,0,0,0,0,0,0,0,'2020-06-17','2020-06-15 22:52:04','2020-06-17 10:15:19',0),
(426,426,4,0,1,1,0,1,1,0,2,'2020-06-17','2020-06-15 22:52:04','2020-06-17 10:15:19',0),
(427,427,2,1,0,0,0,1,0,0,1,'2020-06-17','2020-06-15 22:52:04','2020-06-17 10:15:19',0),
(428,428,0,0,0,0,0,0,0,0,0,'2020-06-17','2020-06-15 22:52:04','2020-06-17 10:15:19',0),
(429,429,0,0,0,0,0,0,0,0,0,'2020-06-17','2020-06-15 22:52:04','2020-06-17 10:15:19',0),
(430,430,1,1,0,0,0,0,1,0,1,'2020-06-17','2020-06-15 22:52:04','2020-06-17 10:15:19',0),
(431,431,0,0,0,0,0,0,0,0,0,'2020-06-17','2020-06-15 22:52:04','2020-06-17 10:15:19',0),
(432,432,0,0,0,0,0,0,0,0,0,'2020-06-17','2020-06-15 22:52:04','2020-06-17 10:15:19',0),
(433,433,0,0,0,0,0,0,0,0,0,'2020-06-17','2020-06-15 22:52:04','2020-06-17 10:15:19',0),
(434,434,0,0,0,0,0,0,0,0,0,'2020-06-17','2020-06-15 22:52:04','2020-06-17 10:15:19',0),
(435,435,4,0,0,1,0,1,0,0,1,'2020-06-17','2020-06-15 22:52:04','2020-06-17 10:15:19',0),
(436,436,1,1,0,0,0,0,1,0,1,'2020-06-17','2020-06-15 22:52:04','2020-06-17 10:15:19',0),
(437,437,0,0,0,0,0,0,0,0,0,'2020-06-17','2020-06-15 22:52:04','2020-06-17 10:15:19',0),
(438,438,0,0,0,0,0,0,0,0,0,'2020-06-17','2020-06-15 22:52:04','2020-06-17 10:15:19',0),
(439,439,1,1,0,0,0,0,1,0,1,'2020-06-17','2020-06-15 22:52:04','2020-06-17 10:15:19',0),
(440,440,0,0,0,0,0,0,0,0,0,'2020-06-17','2020-06-15 22:52:04','2020-06-17 10:15:19',0),
(441,441,0,0,0,0,0,0,0,0,0,'2020-06-17','2020-06-15 22:52:04','2020-06-17 10:15:19',0),
(442,442,1,1,0,0,0,0,1,0,1,'2020-06-17','2020-06-15 22:52:04','2020-06-17 10:15:19',0),
(443,443,2,1,0,0,0,1,0,0,1,'2020-06-17','2020-06-15 22:52:04','2020-06-17 10:15:19',0),
(444,444,0,0,0,0,0,0,0,0,0,'2020-06-17','2020-06-15 22:52:04','2020-06-17 10:15:19',0),
(445,445,1,1,0,0,0,0,1,0,1,'2020-06-17','2020-06-15 22:52:04','2020-06-17 10:15:19',0),
(446,446,0,0,0,0,0,0,0,0,0,'2020-06-17','2020-06-15 22:52:04','2020-06-17 10:15:19',0),
(447,447,0,0,0,0,0,0,0,0,0,'2020-06-17','2020-06-15 22:52:04','2020-06-17 10:15:19',0),
(448,448,0,0,0,0,0,0,0,0,0,'2020-06-17','2020-06-15 22:52:04','2020-06-17 10:15:19',0),
(449,449,0,0,0,0,0,0,0,0,0,'2020-06-17','2020-06-15 22:52:04','2020-06-17 10:15:19',0),
(450,450,1,1,0,0,0,0,1,0,1,'2020-06-17','2020-06-15 22:52:04','2020-06-17 10:15:19',0),
(451,451,0,0,0,0,0,0,0,0,0,'2020-06-17','2020-06-15 22:52:04','2020-06-17 10:15:19',0),
(452,452,0,0,0,0,0,0,0,0,0,'2020-06-17','2020-06-15 22:52:04','2020-06-17 10:15:19',0),
(453,453,0,0,0,0,0,0,0,0,0,'2020-06-17','2020-06-15 22:52:04','2020-06-17 10:15:19',0),
(454,454,0,0,0,0,0,0,0,0,0,'2020-06-17','2020-06-15 22:52:04','2020-06-17 10:15:19',0),
(455,455,0,0,0,0,0,0,0,0,0,'2020-06-17','2020-06-15 22:52:04','2020-06-17 10:15:19',0),
(456,456,1,1,0,0,0,0,1,0,1,'2020-06-17','2020-06-15 22:52:04','2020-06-17 10:15:19',0),
(457,457,1,1,0,0,0,0,1,0,1,'2020-06-17','2020-06-15 22:52:04','2020-06-17 10:15:19',0),
(458,458,0,0,0,0,0,0,0,0,0,'2020-06-17','2020-06-15 22:52:04','2020-06-17 10:15:19',0),
(459,459,0,0,0,0,0,0,0,0,0,'2020-06-17','2020-06-15 22:52:04','2020-06-17 10:15:19',0),
(460,460,1,2,0,0,0,0,2,0,2,'2020-06-17','2020-06-15 22:52:04','2020-06-17 10:15:19',0),
(461,461,0,0,0,0,0,0,0,0,0,'2020-06-17','2020-06-15 22:52:04','2020-06-17 10:15:19',0),
(462,462,0,0,0,0,0,0,0,0,0,'2020-06-17','2020-06-15 22:52:04','2020-06-17 10:15:19',0),
(463,463,0,0,0,0,0,0,0,0,0,'2020-06-17','2020-06-15 22:52:04','2020-06-17 10:15:19',0),
(464,464,1,1,0,4,0,0,5,0,5,'2020-06-17','2020-06-15 22:52:04','2020-06-17 10:15:19',0),
(465,465,0,0,0,0,0,0,0,0,0,'2020-06-17','2020-06-15 22:52:04','2020-06-17 10:15:19',0),
(466,466,0,0,0,0,0,0,0,0,0,'2020-06-17','2020-06-15 22:52:04','2020-06-17 10:15:19',0),
(467,467,0,0,0,0,0,0,0,0,0,'2020-06-17','2020-06-15 22:52:04','2020-06-17 10:15:19',0),
(468,468,3,6,0,0,0,1,5,0,6,'2020-06-17','2020-06-15 22:52:04','2020-06-17 10:15:19',0),
(469,469,0,0,0,0,0,0,0,0,0,'2020-06-17','2020-06-15 22:52:04','2020-06-17 10:15:19',0),
(470,470,1,1,0,0,0,0,1,0,1,'2020-06-17','2020-06-15 22:52:04','2020-06-17 10:15:19',0),
(471,471,4,0,0,10,0,1,9,0,10,'2020-06-17','2020-06-15 22:52:04','2020-06-17 10:15:19',0),
(472,472,0,0,0,0,0,0,0,0,0,'2020-06-17','2020-06-15 22:52:04','2020-06-17 10:15:19',0),
(473,473,0,0,0,0,0,0,0,0,0,'2020-06-17','2020-06-15 22:52:04','2020-06-17 10:15:19',0),
(474,474,0,0,0,0,0,0,0,0,0,'2020-06-17','2020-06-15 22:52:04','2020-06-17 10:15:19',0),
(475,475,0,0,0,0,0,0,0,0,0,'2020-06-17','2020-06-15 22:52:04','2020-06-17 10:15:19',0),
(476,476,4,0,0,2,0,2,0,0,2,'2020-06-17','2020-06-15 22:52:04','2020-06-17 10:15:19',0),
(477,477,0,0,0,0,0,0,0,0,0,'2020-06-17','2020-06-15 22:52:04','2020-06-17 10:15:19',0),
(478,478,0,0,0,0,0,0,0,0,0,'2020-06-17','2020-06-15 22:52:04','2020-06-17 10:15:19',0),
(479,479,2,1,0,0,0,1,0,0,1,'2020-06-17','2020-06-15 22:52:04','2020-06-17 10:15:19',0),
(480,480,1,1,0,0,0,0,1,0,1,'2020-06-17','2020-06-15 22:52:04','2020-06-17 10:15:19',0),
(481,481,0,0,0,0,0,0,0,0,0,'2020-06-17','2020-06-15 22:52:05','2020-06-17 10:15:19',0),
(482,482,1,2,0,1,0,0,3,0,3,'2020-06-17','2020-06-15 22:52:05','2020-06-17 10:15:19',0),
(483,483,0,0,0,0,0,0,0,0,0,'2020-06-17','2020-06-15 22:52:05','2020-06-17 10:15:19',0),
(484,484,0,0,0,0,0,0,0,0,0,'2020-06-17','2020-06-15 22:52:05','2020-06-17 10:15:19',0),
(485,485,0,0,0,0,0,0,0,0,0,'2020-06-17','2020-06-15 22:52:05','2020-06-17 10:15:19',0),
(486,486,0,0,0,0,0,0,0,0,0,'2020-06-17','2020-06-15 22:52:05','2020-06-17 10:15:19',0),
(487,487,0,0,0,0,0,0,0,0,0,'2020-06-17','2020-06-15 22:52:05','2020-06-17 10:15:19',0),
(488,488,0,0,0,0,0,0,0,0,0,'2020-06-17','2020-06-15 22:52:05','2020-06-17 10:15:19',0),
(489,489,0,0,0,0,0,0,0,0,0,'2020-06-17','2020-06-15 22:52:05','2020-06-17 10:15:19',0),
(490,490,0,0,0,0,0,0,0,0,0,'2020-06-17','2020-06-15 22:52:05','2020-06-17 10:15:19',0),
(491,491,1,1,0,0,0,0,1,0,1,'2020-06-17','2020-06-15 22:52:05','2020-06-17 10:15:19',0),
(492,492,0,0,0,0,0,0,0,0,0,'2020-06-17','2020-06-15 22:52:05','2020-06-17 10:15:19',0),
(493,493,0,0,0,0,0,0,0,0,0,'2020-06-17','2020-06-15 22:52:05','2020-06-17 10:15:19',0),
(494,494,0,0,0,0,0,0,0,0,0,'2020-06-17','2020-06-15 22:52:05','2020-06-17 10:15:19',0),
(495,495,0,0,0,0,0,0,0,0,0,'2020-06-17','2020-06-15 22:52:05','2020-06-17 10:15:19',0),
(496,496,0,0,0,0,0,0,0,0,0,'2020-06-17','2020-06-15 22:52:05','2020-06-17 10:15:19',0),
(497,497,0,0,0,0,0,0,0,0,0,'2020-06-17','2020-06-15 22:52:05','2020-06-17 10:15:19',0),
(498,498,0,0,0,0,0,0,0,0,0,'2020-06-17','2020-06-15 22:52:05','2020-06-17 10:15:19',0),
(499,499,0,0,0,0,0,0,0,0,0,'2020-06-17','2020-06-15 22:52:05','2020-06-17 10:15:19',0),
(500,500,0,0,0,0,0,0,0,0,0,'2020-06-17','2020-06-15 22:52:05','2020-06-17 10:15:19',0),
(501,501,0,0,0,0,0,0,0,0,0,'2020-06-17','2020-06-15 22:52:05','2020-06-17 10:15:19',0),
(502,502,0,0,0,0,0,0,0,0,0,'2020-06-17','2020-06-15 22:52:05','2020-06-17 10:15:19',0),
(503,503,0,0,0,0,0,0,0,0,0,'2020-06-17','2020-06-15 22:52:05','2020-06-17 10:15:19',0),
(504,504,0,0,0,0,0,0,0,0,0,'2020-06-17','2020-06-15 22:52:05','2020-06-17 10:15:19',0),
(505,505,2,1,0,0,0,1,0,0,1,'2020-06-17','2020-06-15 22:52:05','2020-06-17 10:15:19',0),
(506,506,0,0,0,0,0,0,0,0,0,'2020-06-17','2020-06-15 22:52:05','2020-06-17 10:15:19',0),
(507,507,0,0,0,0,0,0,0,0,0,'2020-06-17','2020-06-15 22:52:05','2020-06-17 10:15:19',0),
(508,508,0,0,0,0,0,0,0,0,0,'2020-06-17','2020-06-15 22:52:05','2020-06-17 10:15:19',0),
(509,509,0,0,0,0,0,0,0,0,0,'2020-06-17','2020-06-15 22:52:05','2020-06-17 10:15:19',0),
(510,510,0,0,0,0,0,0,0,0,0,'2020-06-17','2020-06-15 22:52:05','2020-06-17 10:15:19',0),
(511,511,0,0,0,0,0,0,0,0,0,'2020-06-17','2020-06-15 22:52:05','2020-06-17 10:15:19',0),
(512,512,0,0,0,0,0,0,0,0,0,'2020-06-17','2020-06-15 22:52:05','2020-06-17 10:15:19',0),
(513,513,0,0,0,0,0,0,0,0,0,'2020-06-17','2020-06-15 22:52:05','2020-06-17 10:15:19',0),
(514,514,0,0,0,0,0,0,0,0,0,'2020-06-17','2020-06-15 22:52:05','2020-06-17 10:15:19',0),
(515,515,0,0,0,0,0,0,0,0,0,'2020-06-17','2020-06-15 22:52:05','2020-06-17 10:15:19',0),
(516,516,0,0,0,0,0,0,0,0,0,'2020-06-17','2020-06-15 22:52:05','2020-06-17 10:15:19',0),
(517,517,1,1,0,0,0,0,1,0,1,'2020-06-17','2020-06-15 22:52:05','2020-06-17 10:15:19',0),
(518,518,0,0,0,0,0,0,0,0,0,'2020-06-17','2020-06-15 22:52:05','2020-06-17 10:15:19',0),
(519,519,0,0,0,0,0,0,0,0,0,'2020-06-17','2020-06-15 22:52:05','2020-06-17 10:15:19',0),
(520,520,2,1,0,0,0,1,0,0,1,'2020-06-17','2020-06-15 22:52:05','2020-06-17 10:15:19',0),
(521,521,0,0,0,0,0,0,0,0,0,'2020-06-17','2020-06-15 22:52:05','2020-06-17 10:15:19',0),
(522,522,0,0,0,0,0,0,0,0,0,'2020-06-17','2020-06-15 22:52:05','2020-06-17 10:15:19',0),
(523,523,0,0,0,0,0,0,0,0,0,'2020-06-17','2020-06-15 22:52:05','2020-06-17 10:15:19',0),
(524,524,4,0,0,1,0,1,0,0,1,'2020-06-17','2020-06-15 22:52:05','2020-06-17 10:15:19',0),
(525,525,0,0,0,0,0,0,0,0,0,'2020-06-17','2020-06-15 22:52:05','2020-06-17 10:15:19',0),
(526,526,1,1,0,1,0,0,2,0,2,'2020-06-17','2020-06-15 22:52:05','2020-06-17 10:15:19',0),
(527,527,0,0,0,0,0,0,0,0,0,'2020-06-17','2020-06-15 22:52:05','2020-06-17 10:15:19',0),
(528,528,1,1,0,0,0,0,1,0,1,'2020-06-17','2020-06-15 22:52:05','2020-06-17 10:15:19',0),
(529,529,0,0,0,0,0,0,0,0,0,'2020-06-17','2020-06-15 22:52:05','2020-06-17 10:15:19',0),
(530,530,0,0,0,0,0,0,0,0,0,'2020-06-17','2020-06-15 22:52:05','2020-06-17 10:15:19',0),
(531,531,0,0,0,0,0,0,0,0,0,'2020-06-17','2020-06-15 22:52:05','2020-06-17 10:15:19',0),
(532,532,0,0,0,0,0,0,0,0,0,'2020-06-17','2020-06-15 22:52:05','2020-06-17 10:15:19',0),
(533,533,0,0,0,0,0,0,0,0,0,'2020-06-17','2020-06-15 22:52:05','2020-06-17 10:15:19',0),
(534,534,0,0,0,0,0,0,0,0,0,'2020-06-17','2020-06-15 22:52:05','2020-06-17 10:15:19',0),
(535,535,0,0,0,0,0,0,0,0,0,'2020-06-17','2020-06-15 22:52:05','2020-06-17 10:15:19',0),
(536,536,0,0,0,0,0,0,0,0,0,'2020-06-17','2020-06-15 22:52:05','2020-06-17 10:15:19',0),
(537,537,0,0,0,0,0,0,0,0,0,'2020-06-17','2020-06-15 22:52:05','2020-06-17 10:15:19',0),
(538,538,4,1,0,1,0,1,1,0,2,'2020-06-17','2020-06-15 22:52:05','2020-06-17 10:15:19',0),
(539,539,1,1,0,0,0,0,1,0,1,'2020-06-17','2020-06-15 22:52:05','2020-06-17 10:15:19',0),
(540,540,4,0,0,7,0,7,0,0,7,'2020-06-17','2020-06-15 22:52:05','2020-06-17 10:15:19',0),
(541,541,0,0,0,0,0,0,0,0,0,'2020-06-17','2020-06-15 22:52:05','2020-06-17 10:15:19',0),
(542,542,1,0,0,3,0,0,3,0,3,'2020-06-17','2020-06-15 22:52:05','2020-06-17 10:15:19',0),
(543,543,4,0,0,5,0,5,0,0,5,'2020-06-17','2020-06-15 22:52:05','2020-06-17 10:15:19',0),
(544,544,1,1,0,0,0,0,1,0,1,'2020-06-17','2020-06-15 22:52:05','2020-06-17 10:15:19',0),
(545,545,0,0,0,0,0,0,0,0,0,'2020-06-17','2020-06-15 22:52:05','2020-06-17 10:15:19',0),
(546,546,1,1,0,0,0,0,1,0,1,'2020-06-17','2020-06-15 22:52:05','2020-06-17 10:15:19',0),
(547,547,0,0,0,0,0,0,0,0,0,'2020-06-17','2020-06-15 22:52:05','2020-06-17 10:15:19',0),
(548,548,0,0,0,0,0,0,0,0,0,'2020-06-17','2020-06-15 22:52:05','2020-06-17 10:15:19',0),
(549,549,1,1,0,0,0,0,1,0,1,'2020-06-17','2020-06-15 22:52:05','2020-06-17 10:15:19',0),
(550,550,4,2,0,3,0,2,3,0,5,'2020-06-17','2020-06-15 22:52:05','2020-06-17 10:15:19',0),
(551,551,1,1,0,0,0,0,1,0,1,'2020-06-17','2020-06-15 22:52:05','2020-06-17 10:15:19',0),
(552,552,4,1,0,1,0,1,1,0,2,'2020-06-17','2020-06-15 22:52:05','2020-06-17 10:15:19',0),
(553,553,0,0,0,0,0,0,0,0,0,'2020-06-17','2020-06-15 22:52:05','2020-06-17 10:15:19',0),
(554,554,0,0,0,0,0,0,0,0,0,'2020-06-17','2020-06-15 22:52:05','2020-06-17 10:15:19',0),
(555,555,0,0,0,0,0,0,0,0,0,'2020-06-17','2020-06-15 22:52:05','2020-06-17 10:15:19',0),
(556,556,1,1,0,0,0,0,1,0,1,'2020-06-17','2020-06-15 22:52:05','2020-06-17 10:15:19',0),
(557,557,0,0,0,0,0,0,0,0,0,'2020-06-17','2020-06-15 22:52:05','2020-06-17 10:15:19',0),
(558,558,1,1,0,0,0,0,1,0,1,'2020-06-17','2020-06-15 22:52:05','2020-06-17 10:15:19',0),
(559,559,1,1,0,0,0,0,1,0,1,'2020-06-17','2020-06-15 22:52:05','2020-06-17 10:15:19',0),
(560,560,4,0,0,3,0,3,0,0,3,'2020-06-17','2020-06-15 22:52:05','2020-06-17 10:15:19',0),
(561,561,4,0,0,8,0,7,1,0,8,'2020-06-17','2020-06-15 22:52:05','2020-06-17 10:15:19',0),
(562,562,4,1,0,1,0,1,1,0,2,'2020-06-17','2020-06-15 22:52:05','2020-06-17 10:15:19',0),
(563,563,1,1,0,0,0,0,1,0,1,'2020-06-17','2020-06-15 22:52:05','2020-06-17 10:15:19',0),
(564,564,0,0,0,0,0,0,0,0,0,'2020-06-17','2020-06-15 22:52:05','2020-06-17 10:15:19',0),
(565,565,4,0,0,3,0,2,1,0,3,'2020-06-17','2020-06-15 22:52:05','2020-06-17 10:15:19',0),
(566,566,2,1,0,0,0,1,0,0,1,'2020-06-17','2020-06-15 22:52:05','2020-06-17 10:15:19',0),
(567,567,0,0,0,0,0,0,0,0,0,'2020-06-17','2020-06-15 22:52:05','2020-06-17 10:15:19',0),
(568,568,0,0,0,0,0,0,0,0,0,'2020-06-17','2020-06-15 22:52:05','2020-06-17 10:15:19',0),
(569,569,0,0,0,0,0,0,0,0,0,'2020-06-17','2020-06-15 22:52:05','2020-06-17 10:15:19',0),
(570,570,0,0,0,0,0,0,0,0,0,'2020-06-17','2020-06-15 22:52:05','2020-06-17 10:15:19',0),
(571,571,0,0,0,0,0,0,0,0,0,'2020-06-17','2020-06-15 22:52:05','2020-06-17 10:15:19',0),
(572,572,0,0,0,0,0,0,0,0,0,'2020-06-17','2020-06-15 22:52:05','2020-06-17 10:15:19',0),
(573,573,0,0,0,0,0,0,0,0,0,'2020-06-17','2020-06-15 22:52:05','2020-06-17 10:15:19',0),
(574,574,0,0,0,0,0,0,0,0,0,'2020-06-17','2020-06-15 22:52:05','2020-06-17 10:15:19',0),
(575,575,0,0,0,0,0,0,0,0,0,'2020-06-17','2020-06-15 22:52:05','2020-06-17 10:15:19',0),
(576,576,0,0,0,0,0,0,0,0,0,'2020-06-17','2020-06-15 22:52:05','2020-06-17 10:15:19',0),
(577,577,0,0,0,0,0,0,0,0,0,'2020-06-17','2020-06-15 22:52:05','2020-06-17 10:15:19',0),
(578,578,1,1,0,0,0,0,1,0,1,'2020-06-17','2020-06-15 22:52:05','2020-06-17 10:15:19',0),
(579,579,0,0,0,0,0,0,0,0,0,'2020-06-17','2020-06-15 22:52:05','2020-06-17 10:15:19',0),
(580,580,0,0,0,0,0,0,0,0,0,'2020-06-17','2020-06-15 22:52:05','2020-06-17 10:15:19',0),
(581,581,0,0,0,0,0,0,0,0,0,'2020-06-17','2020-06-15 22:52:05','2020-06-17 10:15:19',0),
(582,582,0,0,0,0,0,0,0,0,0,'2020-06-17','2020-06-15 22:52:05','2020-06-17 10:15:19',0),
(583,583,0,0,0,0,0,0,0,0,0,'2020-06-17','2020-06-15 22:52:05','2020-06-17 10:15:19',0),
(584,584,0,0,0,0,0,0,0,0,0,'2020-06-17','2020-06-15 22:52:05','2020-06-17 10:15:19',0),
(585,585,0,0,0,0,0,0,0,0,0,'2020-06-17','2020-06-15 22:52:05','2020-06-17 10:15:19',0),
(586,586,0,0,0,0,0,0,0,0,0,'2020-06-17','2020-06-15 22:52:05','2020-06-17 10:15:19',0),
(587,587,0,0,0,0,0,0,0,0,0,'2020-06-17','2020-06-15 22:52:05','2020-06-17 10:15:19',0),
(588,588,0,0,0,0,0,0,0,0,0,'2020-06-17','2020-06-15 22:52:05','2020-06-17 10:15:19',0),
(589,589,0,0,0,0,0,0,0,0,0,'2020-06-17','2020-06-15 22:52:05','2020-06-17 10:15:19',0),
(590,590,0,0,0,0,0,0,0,0,0,'2020-06-17','2020-06-15 22:52:05','2020-06-17 10:15:19',0),
(591,591,0,0,0,0,0,0,0,0,0,'2020-06-17','2020-06-15 22:52:05','2020-06-17 10:15:19',0),
(592,592,0,0,0,0,0,0,0,0,0,'2020-06-17','2020-06-15 22:52:05','2020-06-17 10:15:19',0),
(593,593,0,0,0,0,0,0,0,0,0,'2020-06-17','2020-06-15 22:52:05','2020-06-17 10:15:19',0),
(594,594,0,0,0,0,0,0,0,0,0,'2020-06-17','2020-06-15 22:52:05','2020-06-17 10:15:19',0),
(595,595,0,0,0,0,0,0,0,0,0,'2020-06-17','2020-06-15 22:52:05','2020-06-17 10:15:19',0),
(596,596,4,0,0,2,0,1,1,0,2,'2020-06-17','2020-06-15 22:52:05','2020-06-17 10:15:19',0),
(597,597,4,0,0,1,0,1,0,0,1,'2020-06-17','2020-06-15 22:52:05','2020-06-17 10:15:19',0),
(598,598,0,0,0,0,0,0,0,0,0,'2020-06-17','2020-06-15 22:52:05','2020-06-17 10:15:19',0),
(599,599,0,0,0,0,0,0,0,0,0,'2020-06-17','2020-06-15 22:52:05','2020-06-17 10:15:19',0),
(600,600,0,0,0,0,0,0,0,0,0,'2020-06-17','2020-06-15 22:52:05','2020-06-17 10:15:19',0),
(601,601,4,0,0,1,0,1,0,0,1,'2020-06-17','2020-06-15 22:52:05','2020-06-17 10:15:19',0),
(602,602,1,2,0,0,0,0,2,0,2,'2020-06-17','2020-06-15 22:52:05','2020-06-17 10:15:19',0),
(603,603,0,0,0,0,0,0,0,0,0,'2020-06-17','2020-06-15 22:52:05','2020-06-17 10:15:19',0),
(604,604,0,0,0,0,0,0,0,0,0,'2020-06-17','2020-06-15 22:52:05','2020-06-17 10:15:19',0),
(605,605,0,0,0,0,0,0,0,0,0,'2020-06-17','2020-06-15 22:52:05','2020-06-17 10:15:19',0),
(606,606,0,0,0,0,0,0,0,0,0,'2020-06-17','2020-06-15 22:52:05','2020-06-17 10:15:19',0),
(607,607,0,0,0,0,0,0,0,0,0,'2020-06-17','2020-06-15 22:52:05','2020-06-17 10:15:19',0),
(608,608,0,0,0,0,0,0,0,0,0,'2020-06-17','2020-06-15 22:52:05','2020-06-17 10:15:19',0),
(609,609,0,0,0,0,0,0,0,0,0,'2020-06-17','2020-06-15 22:52:05','2020-06-17 10:15:19',0),
(610,610,1,1,0,0,0,0,1,0,1,'2020-06-17','2020-06-15 22:52:05','2020-06-17 10:15:19',0),
(611,611,0,0,0,0,0,0,0,0,0,'2020-06-17','2020-06-15 22:52:05','2020-06-17 10:15:19',0),
(612,612,0,0,0,0,0,0,0,0,0,'2020-06-17','2020-06-15 22:52:05','2020-06-17 10:15:19',0),
(613,613,1,0,0,1,0,0,1,0,1,'2020-06-17','2020-06-15 22:52:05','2020-06-17 10:15:19',0),
(614,614,0,0,0,0,0,0,0,0,0,'2020-06-17','2020-06-15 22:52:05','2020-06-17 10:15:19',0),
(615,615,1,1,0,0,0,0,1,0,1,'2020-06-17','2020-06-15 22:52:05','2020-06-17 10:15:19',0),
(616,616,0,0,0,0,0,0,0,0,0,'2020-06-17','2020-06-15 22:52:05','2020-06-17 10:15:19',0),
(617,617,4,0,0,1,0,1,0,0,1,'2020-06-17','2020-06-15 22:52:05','2020-06-17 10:15:19',0),
(618,618,0,0,0,0,0,0,0,0,0,'2020-06-17','2020-06-15 22:52:05','2020-06-17 10:15:19',0),
(619,619,0,0,0,0,0,0,0,0,0,'2020-06-17','2020-06-15 22:52:05','2020-06-17 10:15:19',0),
(620,620,0,0,0,0,0,0,0,0,0,'2020-06-17','2020-06-15 22:52:05','2020-06-17 10:15:19',0),
(621,621,0,0,0,0,0,0,0,0,0,'2020-06-17','2020-06-15 22:52:05','2020-06-17 10:15:19',0),
(622,622,0,0,0,0,0,0,0,0,0,'2020-06-17','2020-06-15 22:52:05','2020-06-17 10:15:19',0),
(623,623,0,0,0,0,0,0,0,0,0,'2020-06-17','2020-06-15 22:52:05','2020-06-17 10:15:19',0),
(624,624,0,0,0,0,0,0,0,0,0,'2020-06-17','2020-06-15 22:52:05','2020-06-17 10:15:19',0),
(625,625,0,0,0,0,0,0,0,0,0,'2020-06-17','2020-06-15 22:52:05','2020-06-17 10:15:19',0),
(626,626,0,0,0,0,0,0,0,0,0,'2020-06-17','2020-06-15 22:52:05','2020-06-17 10:15:19',0),
(627,627,0,0,0,0,0,0,0,0,0,'2020-06-17','2020-06-15 22:52:05','2020-06-17 10:15:19',0),
(628,628,0,0,0,0,0,0,0,0,0,'2020-06-17','2020-06-15 22:52:05','2020-06-17 10:15:19',0),
(629,629,0,0,0,0,0,0,0,0,0,'2020-06-17','2020-06-15 22:52:05','2020-06-17 10:15:19',0),
(630,630,1,1,0,0,0,0,1,0,1,'2020-06-17','2020-06-15 22:52:05','2020-06-17 10:15:19',0),
(631,631,0,0,0,0,0,0,0,0,0,'2020-06-17','2020-06-15 22:52:05','2020-06-17 10:15:19',0),
(632,632,0,0,0,0,0,0,0,0,0,'2020-06-17','2020-06-15 22:52:05','2020-06-17 10:15:19',0),
(633,633,0,0,0,0,0,0,0,0,0,'2020-06-17','2020-06-15 22:52:05','2020-06-17 10:15:19',0),
(634,634,0,0,0,0,0,0,0,0,0,'2020-06-17','2020-06-15 22:52:05','2020-06-17 10:15:19',0),
(635,635,0,0,0,0,0,0,0,0,0,'2020-06-17','2020-06-15 22:52:05','2020-06-17 10:15:19',0),
(636,636,1,1,0,0,0,0,1,0,1,'2020-06-17','2020-06-15 22:52:05','2020-06-17 10:15:19',0),
(637,637,0,0,0,0,0,0,0,0,0,'2020-06-17','2020-06-15 22:52:05','2020-06-17 10:15:19',0),
(638,638,0,0,0,0,0,0,0,0,0,'2020-06-17','2020-06-15 22:52:05','2020-06-17 10:15:19',0),
(639,639,0,0,0,0,0,0,0,0,0,'2020-06-17','2020-06-15 22:52:05','2020-06-17 10:15:19',0),
(640,640,1,2,0,0,0,0,2,0,2,'2020-06-17','2020-06-15 22:52:05','2020-06-17 10:15:19',0),
(641,641,0,0,0,0,0,0,0,0,0,'2020-06-17','2020-06-15 22:52:05','2020-06-17 10:15:19',0),
(642,642,1,1,0,0,0,0,1,0,1,'2020-06-17','2020-06-15 22:52:05','2020-06-17 10:15:19',0),
(643,643,1,2,0,0,0,0,2,0,2,'2020-06-17','2020-06-15 22:52:05','2020-06-17 10:15:19',0),
(644,644,0,0,0,0,0,0,0,0,0,'2020-06-17','2020-06-15 22:52:05','2020-06-17 10:15:19',0),
(645,645,0,0,0,0,0,0,0,0,0,'2020-06-17','2020-06-15 22:52:05','2020-06-17 10:15:19',0),
(646,646,1,1,0,1,0,0,2,0,2,'2020-06-17','2020-06-15 22:52:05','2020-06-17 10:15:19',0),
(647,647,0,0,0,0,0,0,0,0,0,'2020-06-17','2020-06-15 22:52:05','2020-06-17 10:15:19',0),
(648,648,0,0,0,0,0,0,0,0,0,'2020-06-17','2020-06-15 22:52:05','2020-06-17 10:15:19',0),
(649,649,0,0,0,0,0,0,0,0,0,'2020-06-17','2020-06-15 22:52:05','2020-06-17 10:15:19',0),
(650,650,0,0,0,0,0,0,0,0,0,'2020-06-17','2020-06-15 22:52:05','2020-06-17 10:15:19',0),
(651,651,0,0,0,0,0,0,0,0,0,'2020-06-17','2020-06-15 22:52:05','2020-06-17 10:15:19',0),
(652,652,0,0,0,0,0,0,0,0,0,'2020-06-17','2020-06-15 22:52:05','2020-06-17 10:15:19',0),
(653,653,1,0,0,1,0,0,1,0,1,'2020-06-17','2020-06-15 22:52:05','2020-06-17 10:15:19',0),
(654,654,0,0,0,0,0,0,0,0,0,'2020-06-17','2020-06-15 22:52:05','2020-06-17 10:15:19',0),
(655,655,0,0,0,0,0,0,0,0,0,'2020-06-17','2020-06-15 22:52:05','2020-06-17 10:15:19',0),
(656,656,0,0,0,0,0,0,0,0,0,'2020-06-17','2020-06-15 22:52:05','2020-06-17 10:15:19',0),
(657,657,0,0,0,0,0,0,0,0,0,'2020-06-17','2020-06-15 22:52:05','2020-06-17 10:15:19',0),
(658,658,0,0,0,0,0,0,0,0,0,'2020-06-17','2020-06-15 22:52:05','2020-06-17 10:15:19',0),
(659,659,0,0,0,0,0,0,0,0,0,'2020-06-17','2020-06-15 22:52:05','2020-06-17 10:15:19',0),
(660,660,0,0,0,0,0,0,0,0,0,'2020-06-17','2020-06-15 22:52:05','2020-06-17 10:15:19',0),
(661,661,0,0,0,0,0,0,0,0,0,'2020-06-17','2020-06-15 22:52:05','2020-06-17 10:15:19',0),
(662,662,0,0,0,0,0,0,0,0,0,'2020-06-17','2020-06-15 22:52:05','2020-06-17 10:15:19',0),
(663,663,0,0,0,0,0,0,0,0,0,'2020-06-17','2020-06-15 22:52:05','2020-06-17 10:15:19',0),
(664,664,0,0,0,0,0,0,0,0,0,'2020-06-17','2020-06-15 22:52:05','2020-06-17 10:15:19',0),
(665,665,0,0,0,0,0,0,0,0,0,'2020-06-17','2020-06-15 22:52:05','2020-06-17 10:15:19',0),
(666,666,0,0,0,0,0,0,0,0,0,'2020-06-17','2020-06-15 22:52:05','2020-06-17 10:15:19',0),
(667,667,0,0,0,0,0,0,0,0,0,'2020-06-17','2020-06-15 22:52:05','2020-06-17 10:15:19',0),
(668,668,0,0,0,0,0,0,0,0,0,'2020-06-17','2020-06-15 22:52:05','2020-06-17 10:15:19',0),
(669,669,0,0,0,0,0,0,0,0,0,'2020-06-17','2020-06-15 22:52:05','2020-06-17 10:15:19',0),
(670,670,4,0,0,1,0,1,0,0,1,'2020-06-17','2020-06-15 22:52:05','2020-06-17 10:15:19',0),
(671,671,0,0,0,0,0,0,0,0,0,'2020-06-17','2020-06-15 22:52:05','2020-06-17 10:15:19',0),
(672,672,0,0,0,0,0,0,0,0,0,'2020-06-17','2020-06-15 22:52:05','2020-06-17 10:15:19',0),
(673,673,0,0,0,0,0,0,0,0,0,'2020-06-17','2020-06-15 22:52:05','2020-06-17 10:15:19',0),
(674,674,0,0,0,0,0,0,0,0,0,'2020-06-17','2020-06-15 22:52:05','2020-06-17 10:15:19',0),
(675,675,0,0,0,0,0,0,0,0,0,'2020-06-17','2020-06-15 22:52:05','2020-06-17 10:15:19',0),
(676,676,0,0,0,0,0,0,0,0,0,'2020-06-17','2020-06-15 22:52:05','2020-06-17 10:15:19',0),
(677,677,0,0,0,0,0,0,0,0,0,'2020-06-17','2020-06-15 22:52:05','2020-06-17 10:15:19',0),
(678,678,2,1,0,0,0,1,0,0,1,'2020-06-17','2020-06-15 22:52:05','2020-06-17 10:15:19',0),
(679,679,0,0,0,0,0,0,0,0,0,'2020-06-17','2020-06-15 22:52:05','2020-06-17 10:15:19',0),
(680,680,0,0,0,0,0,0,0,0,0,'2020-06-17','2020-06-15 22:52:05','2020-06-17 10:15:19',0),
(681,681,0,0,0,0,0,0,0,0,0,'2020-06-17','2020-06-15 22:52:05','2020-06-17 10:15:19',0),
(682,682,0,0,0,0,0,0,0,0,0,'2020-06-17','2020-06-15 22:52:05','2020-06-17 10:15:19',0),
(683,683,0,0,0,0,0,0,0,0,0,'2020-06-17','2020-06-15 22:52:05','2020-06-17 10:15:19',0),
(684,684,0,0,0,0,0,0,0,0,0,'2020-06-17','2020-06-15 22:52:05','2020-06-17 10:15:19',0),
(685,685,0,0,0,0,0,0,0,0,0,'2020-06-17','2020-06-15 22:52:05','2020-06-17 10:15:19',0),
(686,686,1,0,0,1,0,0,1,0,1,'2020-06-17','2020-06-15 22:52:05','2020-06-17 10:15:19',0),
(687,687,0,0,0,0,0,0,0,0,0,'2020-06-17','2020-06-15 22:52:05','2020-06-17 10:15:19',0),
(688,688,0,0,0,0,0,0,0,0,0,'2020-06-17','2020-06-15 22:52:05','2020-06-17 10:15:19',0),
(689,689,0,0,0,0,0,0,0,0,0,'2020-06-17','2020-06-15 22:52:05','2020-06-17 10:15:19',0),
(690,690,0,0,0,0,0,0,0,0,0,'2020-06-17','2020-06-15 22:52:05','2020-06-17 10:15:19',0),
(691,691,0,0,0,0,0,0,0,0,0,'2020-06-17','2020-06-15 22:52:05','2020-06-17 10:15:19',0),
(692,692,0,0,0,0,0,0,0,0,0,'2020-06-17','2020-06-15 22:52:05','2020-06-17 10:15:19',0),
(693,693,0,0,0,0,0,0,0,0,0,'2020-06-17','2020-06-15 22:52:05','2020-06-17 10:15:19',0),
(694,694,0,0,0,0,0,0,0,0,0,'2020-06-17','2020-06-15 22:52:05','2020-06-17 10:15:19',0),
(695,695,0,0,0,0,0,0,0,0,0,'2020-06-17','2020-06-15 22:52:05','2020-06-17 10:15:19',0),
(696,696,0,0,0,0,0,0,0,0,0,'2020-06-17','2020-06-15 22:52:05','2020-06-17 10:15:19',0),
(697,697,0,0,0,0,0,0,0,0,0,'2020-06-17','2020-06-15 22:52:05','2020-06-17 10:15:19',0),
(698,698,0,0,0,0,0,0,0,0,0,'2020-06-17','2020-06-15 22:52:05','2020-06-17 10:15:19',0),
(699,699,0,0,0,0,0,0,0,0,0,'2020-06-17','2020-06-15 22:52:05','2020-06-17 10:15:19',0),
(700,700,0,0,0,0,0,0,0,0,0,'2020-06-17','2020-06-15 22:52:05','2020-06-17 10:15:19',0),
(701,701,4,1,0,1,0,2,0,0,2,'2020-06-17','2020-06-15 22:52:05','2020-06-17 10:15:19',0),
(702,702,0,0,0,0,0,0,0,0,0,'2020-06-17','2020-06-15 22:52:05','2020-06-17 10:15:19',0),
(703,703,1,1,0,1,0,0,2,0,2,'2020-06-17','2020-06-15 22:52:05','2020-06-17 10:15:19',0),
(704,704,0,0,0,0,0,0,0,0,0,'2020-06-17','2020-06-15 22:52:05','2020-06-17 10:15:19',0),
(705,705,2,1,0,0,0,1,0,0,1,'2020-06-17','2020-06-15 22:52:05','2020-06-17 10:15:19',0),
(706,706,0,0,0,0,0,0,0,0,0,'2020-06-17','2020-06-15 22:52:05','2020-06-17 10:15:19',0),
(707,707,0,0,0,0,0,0,0,0,0,'2020-06-17','2020-06-15 22:52:05','2020-06-17 10:15:19',0),
(708,708,0,0,0,0,0,0,0,0,0,'2020-06-17','2020-06-15 22:52:05','2020-06-17 10:15:19',0),
(709,709,4,0,0,1,0,1,0,0,1,'2020-06-17','2020-06-15 22:52:05','2020-06-17 10:15:19',0),
(710,710,1,1,0,0,0,0,1,0,1,'2020-06-17','2020-06-15 22:52:05','2020-06-17 10:15:19',0),
(711,711,0,0,0,0,0,0,0,0,0,'2020-06-17','2020-06-15 22:52:05','2020-06-17 10:15:19',0),
(712,712,0,0,0,0,0,0,0,0,0,'2020-06-17','2020-06-16 00:06:37','2020-06-17 10:15:19',0);

/*!50106 set global event_scheduler = 1*/;

/* Event structure for event `insert_data_next_day` */

/*!50106 DROP EVENT IF EXISTS `insert_data_next_day`*/;

DELIMITER $$

/*!50106 CREATE DEFINER=`root`@`localhost` EVENT `insert_data_next_day` ON SCHEDULE EVERY 1 DAY STARTS '2020-05-17 00:00:01' ON COMPLETION PRESERVE ENABLE DO BEGIN
	    declare i Int;
	    declare level1, ppln1, ppdn1, tl1, lainnya1, perawatan1, sembuh1, meninggal1, total1 int;
	    set i = 1;
	    while i<713 do
		select tb_laporan.`level`, tb_laporan.`ppln`, tb_laporan.`ppdn`, tb_laporan.`tl`, tb_laporan.`lainnya`, tb_laporan.`perawatan`, tb_laporan.`sembuh`, tb_laporan.`meninggal`, tb_laporan.`total` into level1, ppln1, ppdn1, tl1, lainnya1, perawatan1, sembuh1, meninggal1, total1 from tb_laporan where id_kelurahan = i order by tb_laporan.`tanggal` DESC limit 1;
		insert into tb_laporan(id_kelurahan,level, ppln, ppdn, tl, lainnya, perawatan, sembuh, meninggal, total, tanggal) values(i, level1, ppln1, ppdn1, tl1, lainnya1, perawatan1, sembuh1, meninggal1, total1, DATE(NOW()));
		set i = i+1;
	    end while;
	END */$$
DELIMITER ;

/*!40101 SET SQL_MODE=@OLD_SQL_MODE */;
/*!40014 SET FOREIGN_KEY_CHECKS=@OLD_FOREIGN_KEY_CHECKS */;
/*!40014 SET UNIQUE_CHECKS=@OLD_UNIQUE_CHECKS */;
/*!40111 SET SQL_NOTES=@OLD_SQL_NOTES */;
